date,link,title
"Sat 16 Aug,Fri 15 Aug,Thu 14 Aug,Wed 13 Aug,Tue 12 Aug,Mon 11 Aug,Sun 10 Aug",/cas/4621699743.html,Visiting bottom - m4m
"Sat 16 Aug,Fri 15 Aug,Thu 14 Aug,Wed 13 Aug,Tue 12 Aug,Mon 11 Aug,Sun 10 Aug",/cas/4603949448.html,I need a big one - m4m
"Sat 16 Aug,Fri 15 Aug,Thu 14 Aug,Wed 13 Aug,Tue 12 Aug,Mon 11 Aug,Sun 10 Aug",/cas/4621628885.html,Good for tonight - m4m
"Sat 16 Aug,Fri 15 Aug,Thu 14 Aug,Wed 13 Aug,Tue 12 Aug,Mon 11 Aug,Sun 10 Aug",/cas/4607870984.html,Single male possible couple here for options - mw4mw
"Sat 16 Aug,Fri 15 Aug,Thu 14 Aug,Wed 13 Aug,Tue 12 Aug,Mon 11 Aug,Sun 10 Aug",/cas/4621523975.html,Young asian looking for fun - m4m
"Sat 16 Aug,Fri 15 Aug,Thu 14 Aug,Wed 13 Aug,Tue 12 Aug,Mon 11 Aug,Sun 10 Aug",/cas/4616786413.html,Young boi looking for big men - m4m
"Sat 16 Aug,Fri 15 Aug,Thu 14 Aug,Wed 13 Aug,Tue 12 Aug,Mon 11 Aug,Sun 10 Aug",/cas/4621226860.html,eat your pussy untill you cum over and over - m4w
"Sat 16 Aug,Fri 15 Aug,Thu 14 Aug,Wed 13 Aug,Tue 12 Aug,Mon 11 Aug,Sun 10 Aug",/cas/4617727394.html,hi - m4m
"Sat 16 Aug,Fri 15 Aug,Thu 14 Aug,Wed 13 Aug,Tue 12 Aug,Mon 11 Aug,Sun 10 Aug",/cas/4620962428.html,I Am Still Looking - w4m
"Sat 05 Jul,Fri 04 Jul,Thu 03 Jul,Wed 02 Jul",/cas/4554222795.html,very horn - m4m
"Sat 05 Jul,Fri 04 Jul,Thu 03 Jul,Wed 02 Jul",/cas/4553584770.html,One time only...  - ww4mm
"Sat 05 Jul,Fri 04 Jul,Thu 03 Jul,Wed 02 Jul",/cas/4553584347.html,Hook up on 4th in Sitka - w4m
"Sat 05 Jul,Fri 04 Jul,Thu 03 Jul,Wed 02 Jul",/cas/4544450668.html,Early blow and go - m4m
"Sat 05 Jul,Fri 04 Jul,Thu 03 Jul,Wed 02 Jul",/cas/4522600067.html,Hosting bottom - m4m
"Sat 05 Jul,Fri 04 Jul,Thu 03 Jul,Wed 02 Jul",/cas/4553452083.html,need fuckbuddy - m4w
"Sat 16 Aug,Fri 15 Aug,Thu 14 Aug,Wed 13 Aug,Tue 12 Aug,Mon 11 Aug,Sun 10 Aug",/cas/4620892501.html,Jacking off - m4m
"Sat 16 Aug,Fri 15 Aug,Thu 14 Aug,Wed 13 Aug,Tue 12 Aug,Mon 11 Aug,Sun 10 Aug",/cas/4620715431.html,NSA FB wanted - m4m
"Sat 16 Aug,Fri 15 Aug,Thu 14 Aug,Wed 13 Aug,Tue 12 Aug,Mon 11 Aug,Sun 10 Aug",/cas/4608569969.html,Give ya discrete blowjob - m4m
"Sat 05 Jul,Fri 04 Jul,Thu 03 Jul,Wed 02 Jul",/cas/4553450142.html,Japanese mix for Top - m4m
"Sat 05 Jul,Fri 04 Jul,Thu 03 Jul,Wed 02 Jul",/cas/4553433386.html,hosting hot guys all night - m4m
"Sat 05 Jul,Fri 04 Jul,Thu 03 Jul,Wed 02 Jul",/cas/4553387654.html,69 says it all - m4w
"Sat 05 Jul,Fri 04 Jul,Thu 03 Jul,Wed 02 Jul",/cas/4553375012.html,New to Juneau.  - m4w
"Sat 05 Jul,Fri 04 Jul,Thu 03 Jul,Wed 02 Jul",/cas/4516022880.html,Friends first  - m4w
"Sat 05 Jul,Fri 04 Jul,Thu 03 Jul,Wed 02 Jul",/cas/4553271854.html,total bottom here - m4m
"Sat 05 Jul,Fri 04 Jul,Thu 03 Jul,Wed 02 Jul",/cas/4552941738.html,Cougars? - m4w
"Sat 05 Jul,Fri 04 Jul,Thu 03 Jul,Wed 02 Jul",/cas/4552886475.html,Anyone looking this morning  - m4m
"Sat 16 Aug,Fri 15 Aug,Thu 14 Aug,Wed 13 Aug,Tue 12 Aug,Mon 11 Aug,Sun 10 Aug",/cas/4620700876.html,Carnival Miracle M-W  M-MW  M-M - m4w
"Sat 16 Aug,Fri 15 Aug,Thu 14 Aug,Wed 13 Aug,Tue 12 Aug,Mon 11 Aug,Sun 10 Aug",/cas/4606901981.html,bottom 4 top - m4m
"Sat 16 Aug,Fri 15 Aug,Thu 14 Aug,Wed 13 Aug,Tue 12 Aug,Mon 11 Aug,Sun 10 Aug",/cas/4616131035.html, Bj fun - m4m
"Sat 05 Jul,Fri 04 Jul,Thu 03 Jul,Wed 02 Jul",/cas/4537217670.html,Tight bottom  - m4m
"Sat 05 Jul,Fri 04 Jul,Thu 03 Jul,Wed 02 Jul",/cas/4540452332.html,Looking for cock - m4m
"Sat 05 Jul,Fri 04 Jul,Thu 03 Jul,Wed 02 Jul",/cas/4552517427.html,Wet Fun for the 4th !!!!!!!! - m4w
"Sat 05 Jul,Fri 04 Jul,Thu 03 Jul,Wed 02 Jul",/cas/4552365872.html,need a man or women to play - m4mw
"Sat 05 Jul,Fri 04 Jul,Thu 03 Jul,Wed 02 Jul",/cas/4552297355.html,Bottom wanted - m4m
"Sat 05 Jul,Fri 04 Jul,Thu 03 Jul,Wed 02 Jul",/cas/4552093621.html,Downtown gloryhole - m4m
"Sat 16 Aug,Fri 15 Aug,Thu 14 Aug,Wed 13 Aug,Tue 12 Aug,Mon 11 Aug,Sun 10 Aug",/cas/4620575773.html,NSA fun - w4m
"Sat 16 Aug,Fri 15 Aug,Thu 14 Aug,Wed 13 Aug,Tue 12 Aug,Mon 11 Aug,Sun 10 Aug",/cas/4620054940.html,Seeking a submissive kinky little cumslut for play - m4w
"Sat 16 Aug,Fri 15 Aug,Thu 14 Aug,Wed 13 Aug,Tue 12 Aug,Mon 11 Aug,Sun 10 Aug",/cas/4610174101.html,looking for a little fun - m4w
"Sat 05 Jul,Fri 04 Jul,Thu 03 Jul,Wed 02 Jul",/cas/4552131428.html,looking for guys that parTy - m4m
"Sat 05 Jul,Fri 04 Jul,Thu 03 Jul,Wed 02 Jul",/cas/4552119259.html,After work fun - m4m
"Sat 05 Jul,Fri 04 Jul,Thu 03 Jul,Wed 02 Jul",/cas/4552075820.html,Looking to suck off a young guy - m4m
"Sat 05 Jul,Fri 04 Jul,Thu 03 Jul,Wed 02 Jul",/cas/4551603210.html,Craving a good size cock to suck - m4m
"Sat 05 Jul,Fri 04 Jul,Thu 03 Jul,Wed 02 Jul",/cas/4551559816.html,Young for older - m4w
"Sat 16 Aug,Fri 15 Aug,Thu 14 Aug,Wed 13 Aug,Tue 12 Aug,Mon 11 Aug,Sun 10 Aug",/cas/4620050186.html,Southern man - m4w
"Sat 16 Aug,Fri 15 Aug,Thu 14 Aug,Wed 13 Aug,Tue 12 Aug,Mon 11 Aug,Sun 10 Aug",/cas/4620036905.html,Ain't nuthin wrong with a little bump & grind - m4w
"Sat 16 Aug,Fri 15 Aug,Thu 14 Aug,Wed 13 Aug,Tue 12 Aug,Mon 11 Aug,Sun 10 Aug",/cas/4620036742.html,pretty damn - m4m
"Sat 05 Jul,Fri 04 Jul,Thu 03 Jul,Wed 02 Jul",/cas/4551350702.html,Horny?  - m4m
"Sat 05 Jul,Fri 04 Jul,Thu 03 Jul,Wed 02 Jul",/cas/4550965455.html,Morning cream - m4m
"Sat 05 Jul,Fri 04 Jul,Thu 03 Jul,Wed 02 Jul",/cas/4550892641.html,call me in front of my wife saying I have an interview  - m4w
"Sat 05 Jul,Fri 04 Jul,Thu 03 Jul,Wed 02 Jul",/cas/4550804900.html,A month of fun - m4w
"Sat 05 Jul,Fri 04 Jul,Thu 03 Jul,Wed 02 Jul",/cas/4550789286.html,I wanna get fucked - t4m
"Sat 05 Jul,Fri 04 Jul,Thu 03 Jul,Wed 02 Jul",/cas/4550666189.html,Hookup - m4m
"Wed 23 Jul,Tue 22 Jul,Mon 21 Jul,Sun 20 Jul,Sat 19 Jul,Fri 18 Jul,Thu 17 Jul,Wed 16 Jul,Tue 15 Jul,Mon 14 Jul,Sun 13 Jul,Sat 12 Jul",/cas/4539328424.html,Oral relief for the younger guys - m4m
"Wed 23 Jul,Tue 22 Jul,Mon 21 Jul,Sun 20 Jul,Sat 19 Jul,Fri 18 Jul,Thu 17 Jul,Wed 16 Jul,Tue 15 Jul,Mon 14 Jul,Sun 13 Jul,Sat 12 Jul",/cas/4583152228.html,Need top - m4m
"Wed 23 Jul,Tue 22 Jul,Mon 21 Jul,Sun 20 Jul,Sat 19 Jul,Fri 18 Jul,Thu 17 Jul,Wed 16 Jul,Tue 15 Jul,Mon 14 Jul,Sun 13 Jul,Sat 12 Jul",/cas/4582771714.html,tonight - m4w
"Wed 23 Jul,Tue 22 Jul,Mon 21 Jul,Sun 20 Jul,Sat 19 Jul,Fri 18 Jul,Thu 17 Jul,Wed 16 Jul,Tue 15 Jul,Mon 14 Jul,Sun 13 Jul,Sat 12 Jul",/cas/4578484203.html,morning wood - m4w
"Wed 23 Jul,Tue 22 Jul,Mon 21 Jul,Sun 20 Jul,Sat 19 Jul,Fri 18 Jul,Thu 17 Jul,Wed 16 Jul,Tue 15 Jul,Mon 14 Jul,Sun 13 Jul,Sat 12 Jul",/cas/4581554462.html,sexy bi visitors wanted - m4mw
"Sat 02 Aug,Fri 01 Aug,Thu 31 Jul,Wed 30 Jul,Tue 29 Jul,Mon 28 Jul,Sun 27 Jul,Sat 26 Jul,Fri 25 Jul,Thu 24 Jul,Wed 23 Jul",/cas/4599577293.html,Hi i am looking for some one to hang out with - m4w
"Sat 02 Aug,Fri 01 Aug,Thu 31 Jul,Wed 30 Jul,Tue 29 Jul,Mon 28 Jul,Sun 27 Jul,Sat 26 Jul,Fri 25 Jul,Thu 24 Jul,Wed 23 Jul",/cas/4599195400.html,Any guys go to jrc - m4m
"Sat 02 Aug,Fri 01 Aug,Thu 31 Jul,Wed 30 Jul,Tue 29 Jul,Mon 28 Jul,Sun 27 Jul,Sat 26 Jul,Fri 25 Jul,Thu 24 Jul,Wed 23 Jul",/cas/4599189127.html,Now!! Anyone??? - m4mw
"Sat 02 Aug,Fri 01 Aug,Thu 31 Jul,Wed 30 Jul,Tue 29 Jul,Mon 28 Jul,Sun 27 Jul,Sat 26 Jul,Fri 25 Jul,Thu 24 Jul,Wed 23 Jul",/cas/4599094645.html,lets fuck around
"Sat 02 Aug,Fri 01 Aug,Thu 31 Jul,Wed 30 Jul,Tue 29 Jul,Mon 28 Jul,Sun 27 Jul,Sat 26 Jul,Fri 25 Jul,Thu 24 Jul,Wed 23 Jul",/cas/4599116526.html,In town  - w4m
"Sat 02 Aug,Fri 01 Aug,Thu 31 Jul,Wed 30 Jul,Tue 29 Jul,Mon 28 Jul,Sun 27 Jul,Sat 26 Jul,Fri 25 Jul,Thu 24 Jul,Wed 23 Jul",/cas/4599066465.html,Gym guy - m4m
"Sat 02 Aug,Fri 01 Aug,Thu 31 Jul,Wed 30 Jul,Tue 29 Jul,Mon 28 Jul,Sun 27 Jul,Sat 26 Jul,Fri 25 Jul,Thu 24 Jul,Wed 23 Jul",/cas/4598992745.html,Need a Top - m4m
"Sat 02 Aug,Fri 01 Aug,Thu 31 Jul,Wed 30 Jul,Tue 29 Jul,Mon 28 Jul,Sun 27 Jul,Sat 26 Jul,Fri 25 Jul,Thu 24 Jul,Wed 23 Jul",/cas/4598969696.html, Wanting Bbc - m4m
"Sat 02 Aug,Fri 01 Aug,Thu 31 Jul,Wed 30 Jul,Tue 29 Jul,Mon 28 Jul,Sun 27 Jul,Sat 26 Jul,Fri 25 Jul,Thu 24 Jul,Wed 23 Jul",/cas/4598900592.html,Bend me over  - m4m
"Sat 02 Aug,Fri 01 Aug,Thu 31 Jul,Wed 30 Jul,Tue 29 Jul,Mon 28 Jul,Sun 27 Jul,Sat 26 Jul,Fri 25 Jul,Thu 24 Jul,Wed 23 Jul",/cas/4598615148.html,Come get me - m4ww
"Sat 02 Aug,Fri 01 Aug,Thu 31 Jul,Wed 30 Jul,Tue 29 Jul,Mon 28 Jul,Sun 27 Jul,Sat 26 Jul,Fri 25 Jul,Thu 24 Jul,Wed 23 Jul",/cas/4598024490.html,Fantasy - m4t
"Sat 02 Aug,Fri 01 Aug,Thu 31 Jul,Wed 30 Jul,Tue 29 Jul,Mon 28 Jul,Sun 27 Jul,Sat 26 Jul,Fri 25 Jul,Thu 24 Jul,Wed 23 Jul",/cas/4558377063.html,Long hard Day - m4m
"Sat 02 Aug,Fri 01 Aug,Thu 31 Jul,Wed 30 Jul,Tue 29 Jul,Mon 28 Jul,Sun 27 Jul,Sat 26 Jul,Fri 25 Jul,Thu 24 Jul,Wed 23 Jul",/cas/4597510744.html,Hi - m4m
"Sat 02 Aug,Fri 01 Aug,Thu 31 Jul,Wed 30 Jul,Tue 29 Jul,Mon 28 Jul,Sun 27 Jul,Sat 26 Jul,Fri 25 Jul,Thu 24 Jul,Wed 23 Jul",/cas/4597428032.html,In town for awhile - m4m
"Sat 12 Jul,Fri 11 Jul,Thu 10 Jul,Wed 09 Jul,Tue 08 Jul,Mon 07 Jul,Sun 06 Jul,Sat 05 Jul",/cas/4565986483.html,casual encounter / juneau - m4w
"Sat 12 Jul,Fri 11 Jul,Thu 10 Jul,Wed 09 Jul,Tue 08 Jul,Mon 07 Jul,Sun 06 Jul,Sat 05 Jul",/cas/4565967513.html,my lady wants to try a 3 some - mw4w
"Sat 12 Jul,Fri 11 Jul,Thu 10 Jul,Wed 09 Jul,Tue 08 Jul,Mon 07 Jul,Sun 06 Jul,Sat 05 Jul",/cas/4565576492.html,Looking for 18-21 - m4w
"Sat 12 Jul,Fri 11 Jul,Thu 10 Jul,Wed 09 Jul,Tue 08 Jul,Mon 07 Jul,Sun 06 Jul,Sat 05 Jul",/cas/4565045755.html,Weekend fun anyone? - m4w
"Sat 12 Jul,Fri 11 Jul,Thu 10 Jul,Wed 09 Jul,Tue 08 Jul,Mon 07 Jul,Sun 06 Jul,Sat 05 Jul",/cas/4565001282.html,Who wants to hook up!!! let's party !!! - m4w
"Sat 12 Jul,Fri 11 Jul,Thu 10 Jul,Wed 09 Jul,Tue 08 Jul,Mon 07 Jul,Sun 06 Jul,Sat 05 Jul",/cas/4565000604.html,tonight - m4w
"Sat 16 Aug,Fri 15 Aug,Thu 14 Aug,Wed 13 Aug,Tue 12 Aug,Mon 11 Aug,Sun 10 Aug",/cas/4620011782.html,Tonight/late  - m4m
"Sat 16 Aug,Fri 15 Aug,Thu 14 Aug,Wed 13 Aug,Tue 12 Aug,Mon 11 Aug,Sun 10 Aug",/cas/4613034568.html,Rainy Day Blues in Juno  - w4m
"Sat 16 Aug,Fri 15 Aug,Thu 14 Aug,Wed 13 Aug,Tue 12 Aug,Mon 11 Aug,Sun 10 Aug",/cas/4619905758.html,In town for the night - m4m
"Sat 16 Aug,Fri 15 Aug,Thu 14 Aug,Wed 13 Aug,Tue 12 Aug,Mon 11 Aug,Sun 10 Aug",/cas/4619907227.html,In Juneau - m4w
"Sat 16 Aug,Fri 15 Aug,Thu 14 Aug,Wed 13 Aug,Tue 12 Aug,Mon 11 Aug,Sun 10 Aug",/cas/4619868691.html,Are you native/black and well-hung? - m4m
"Sat 16 Aug,Fri 15 Aug,Thu 14 Aug,Wed 13 Aug,Tue 12 Aug,Mon 11 Aug,Sun 10 Aug",/cas/4619864231.html,Will you smoke for me? - m4w
"Sat 05 Jul,Fri 04 Jul,Thu 03 Jul,Wed 02 Jul",/cas/4550665287.html,Man on man - m4m
"Sat 05 Jul,Fri 04 Jul,Thu 03 Jul,Wed 02 Jul",/cas/4550650398.html,available - m4m
"Sat 05 Jul,Fri 04 Jul,Thu 03 Jul,Wed 02 Jul",/cas/4550507108.html,Size matters - m4w
"Sat 05 Jul,Fri 04 Jul,Thu 03 Jul,Wed 02 Jul",/cas/4550014373.html,Looking for tranny porn lovers - m4m
"Sat 05 Jul,Fri 04 Jul,Thu 03 Jul,Wed 02 Jul",/cas/4550136815.html,working girls - m4w
"Sat 05 Jul,Fri 04 Jul,Thu 03 Jul,Wed 02 Jul",/cas/4550121004.html,Looking for some fun in Juneau - m4w
"Wed 23 Jul,Tue 22 Jul,Mon 21 Jul,Sun 20 Jul,Sat 19 Jul,Fri 18 Jul,Thu 17 Jul,Wed 16 Jul,Tue 15 Jul,Mon 14 Jul,Sun 13 Jul,Sat 12 Jul",/cas/4577995221.html,morning wood - m4m
"Wed 23 Jul,Tue 22 Jul,Mon 21 Jul,Sun 20 Jul,Sat 19 Jul,Fri 18 Jul,Thu 17 Jul,Wed 16 Jul,Tue 15 Jul,Mon 14 Jul,Sun 13 Jul,Sat 12 Jul",/cas/4581190116.html,we are horny - mw4mw
"Wed 23 Jul,Tue 22 Jul,Mon 21 Jul,Sun 20 Jul,Sat 19 Jul,Fri 18 Jul,Thu 17 Jul,Wed 16 Jul,Tue 15 Jul,Mon 14 Jul,Sun 13 Jul,Sat 12 Jul",/cas/4549174489.html,im alone - m4w
"Sat 02 Aug,Fri 01 Aug,Thu 31 Jul,Wed 30 Jul,Tue 29 Jul,Mon 28 Jul,Sun 27 Jul,Sat 26 Jul,Fri 25 Jul,Thu 24 Jul,Wed 23 Jul",/cas/4597355720.html,Any escorts in juneau? - m4w
"Sat 02 Aug,Fri 01 Aug,Thu 31 Jul,Wed 30 Jul,Tue 29 Jul,Mon 28 Jul,Sun 27 Jul,Sat 26 Jul,Fri 25 Jul,Thu 24 Jul,Wed 23 Jul",/cas/4597358852.html,Looking for a dishwasher - m4w
"Sat 02 Aug,Fri 01 Aug,Thu 31 Jul,Wed 30 Jul,Tue 29 Jul,Mon 28 Jul,Sun 27 Jul,Sat 26 Jul,Fri 25 Jul,Thu 24 Jul,Wed 23 Jul",/cas/4558121815.html,tight ass craving cock - m4m
"Sat 02 Aug,Fri 01 Aug,Thu 31 Jul,Wed 30 Jul,Tue 29 Jul,Mon 28 Jul,Sun 27 Jul,Sat 26 Jul,Fri 25 Jul,Thu 24 Jul,Wed 23 Jul",/cas/4562517136.html,vers for any cruise ships cuming to hoonah AK?  - m4mm
"Sat 12 Jul,Fri 11 Jul,Thu 10 Jul,Wed 09 Jul,Tue 08 Jul,Mon 07 Jul,Sun 06 Jul,Sat 05 Jul",/cas/4564954237.html,women in ktown? - m4w
"Sat 12 Jul,Fri 11 Jul,Thu 10 Jul,Wed 09 Jul,Tue 08 Jul,Mon 07 Jul,Sun 06 Jul,Sat 05 Jul",/cas/4564929142.html,Visiting looking for friends - m4m
"Sat 12 Jul,Fri 11 Jul,Thu 10 Jul,Wed 09 Jul,Tue 08 Jul,Mon 07 Jul,Sun 06 Jul,Sat 05 Jul",/cas/4564928913.html,chubby  vers - m4m
"Sat 12 Jul,Fri 11 Jul,Thu 10 Jul,Wed 09 Jul,Tue 08 Jul,Mon 07 Jul,Sun 06 Jul,Sat 05 Jul",/cas/4564879944.html,Bottom needing top - m4m
"Sat 12 Jul,Fri 11 Jul,Thu 10 Jul,Wed 09 Jul,Tue 08 Jul,Mon 07 Jul,Sun 06 Jul,Sat 05 Jul",/cas/4564884649.html,Pussy juices!! - m4w
"Sat 12 Jul,Fri 11 Jul,Thu 10 Jul,Wed 09 Jul,Tue 08 Jul,Mon 07 Jul,Sun 06 Jul,Sat 05 Jul",/cas/4564816853.html,Generous bottom needing tops - m4m
"Sat 12 Jul,Fri 11 Jul,Thu 10 Jul,Wed 09 Jul,Tue 08 Jul,Mon 07 Jul,Sun 06 Jul,Sat 05 Jul",/cas/4564780747.html,My house has flooded. Glacier flood - m4m
"Sat 12 Jul,Fri 11 Jul,Thu 10 Jul,Wed 09 Jul,Tue 08 Jul,Mon 07 Jul,Sun 06 Jul,Sat 05 Jul",/cas/4564838050.html,Black in town Couple  - m4mw
"Sat 12 Jul,Fri 11 Jul,Thu 10 Jul,Wed 09 Jul,Tue 08 Jul,Mon 07 Jul,Sun 06 Jul,Sat 05 Jul",/cas/4564803727.html,S̵u̜̮m̪͙͓̻͢m҉er̢̹͚&
"Sat 12 Jul,Fri 11 Jul,Thu 10 Jul,Wed 09 Jul,Tue 08 Jul,Mon 07 Jul,Sun 06 Jul,Sat 05 Jul",/cas/4564770966.html,Looking for a Saturday night hookup bigger girls welcome - m4w
"Sat 12 Jul,Fri 11 Jul,Thu 10 Jul,Wed 09 Jul,Tue 08 Jul,Mon 07 Jul,Sun 06 Jul,Sat 05 Jul",/cas/4540368677.html,Great at making you cum.  - m4w
"Sun 10 Aug,Sat 09 Aug,Fri 08 Aug,Thu 07 Aug,Wed 06 Aug,Tue 05 Aug,Mon 04 Aug,Sun 03 Aug,Sat 02 Aug",/cas/4612630667.html,sauna - m4m
"Sun 10 Aug,Sat 09 Aug,Fri 08 Aug,Thu 07 Aug,Wed 06 Aug,Tue 05 Aug,Mon 04 Aug,Sun 03 Aug,Sat 02 Aug",/cas/4608099099.html,raintown - m4w
"Sun 10 Aug,Sat 09 Aug,Fri 08 Aug,Thu 07 Aug,Wed 06 Aug,Tue 05 Aug,Mon 04 Aug,Sun 03 Aug,Sat 02 Aug",/cas/4602286115.html,Can I suck your dick?. - m4m
"Sun 10 Aug,Sat 09 Aug,Fri 08 Aug,Thu 07 Aug,Wed 06 Aug,Tue 05 Aug,Mon 04 Aug,Sun 03 Aug,Sat 02 Aug",/cas/4611888909.html,Overnight - w4m
"Sun 10 Aug,Sat 09 Aug,Fri 08 Aug,Thu 07 Aug,Wed 06 Aug,Tue 05 Aug,Mon 04 Aug,Sun 03 Aug,Sat 02 Aug",/cas/4611874549.html,30 year old sex with mature woman - m4w
"Sun 10 Aug,Sat 09 Aug,Fri 08 Aug,Thu 07 Aug,Wed 06 Aug,Tue 05 Aug,Mon 04 Aug,Sun 03 Aug,Sat 02 Aug",/cas/4611874018.html,It's pouring out there. - m4m
"Sun 10 Aug,Sat 09 Aug,Fri 08 Aug,Thu 07 Aug,Wed 06 Aug,Tue 05 Aug,Mon 04 Aug,Sun 03 Aug,Sat 02 Aug",/cas/4611771024.html,Horny for dick - m4m
"Sun 10 Aug,Sat 09 Aug,Fri 08 Aug,Thu 07 Aug,Wed 06 Aug,Tue 05 Aug,Mon 04 Aug,Sun 03 Aug,Sat 02 Aug",/cas/4603043486.html,Phone sex  - m4m
"Sat 16 Aug,Fri 15 Aug,Thu 14 Aug,Wed 13 Aug,Tue 12 Aug,Mon 11 Aug,Sun 10 Aug",/cas/4619796090.html,Lets play Ball !     - m4m
"Sat 16 Aug,Fri 15 Aug,Thu 14 Aug,Wed 13 Aug,Tue 12 Aug,Mon 11 Aug,Sun 10 Aug",/cas/4619532882.html,Do u like edging - m4m
"Sat 16 Aug,Fri 15 Aug,Thu 14 Aug,Wed 13 Aug,Tue 12 Aug,Mon 11 Aug,Sun 10 Aug",/cas/4619407259.html,Business trip - m4w
"Sat 16 Aug,Fri 15 Aug,Thu 14 Aug,Wed 13 Aug,Tue 12 Aug,Mon 11 Aug,Sun 10 Aug",/cas/4619176402.html,looking for some fun - t4m
"Sat 16 Aug,Fri 15 Aug,Thu 14 Aug,Wed 13 Aug,Tue 12 Aug,Mon 11 Aug,Sun 10 Aug",/cas/4590705627.html,Looking to BLOW - m4m
"Sat 16 Aug,Fri 15 Aug,Thu 14 Aug,Wed 13 Aug,Tue 12 Aug,Mon 11 Aug,Sun 10 Aug",/cas/4619108472.html,Seeking fun with men - m4m
"Sat 16 Aug,Fri 15 Aug,Thu 14 Aug,Wed 13 Aug,Tue 12 Aug,Mon 11 Aug,Sun 10 Aug",/cas/4611086845.html,Casual fun - m4m
"Sat 16 Aug,Fri 15 Aug,Thu 14 Aug,Wed 13 Aug,Tue 12 Aug,Mon 11 Aug,Sun 10 Aug",/cas/4619071251.html,Bi guy looking for big cocks - m4m
"Sat 16 Aug,Fri 15 Aug,Thu 14 Aug,Wed 13 Aug,Tue 12 Aug,Mon 11 Aug,Sun 10 Aug",/cas/4618915643.html,Young BBC in town. - m4mw
"Sat 16 Aug,Fri 15 Aug,Thu 14 Aug,Wed 13 Aug,Tue 12 Aug,Mon 11 Aug,Sun 10 Aug",/cas/4618914582.html,Young BBC in town. - m4w
"Sat 05 Jul,Fri 04 Jul,Thu 03 Jul,Wed 02 Jul",/cas/4550084538.html,Fireworks blasting - m4w
"Sat 05 Jul,Fri 04 Jul,Thu 03 Jul,Wed 02 Jul",/cas/4549992452.html,I have a big cock - m4m
"Wed 23 Jul,Tue 22 Jul,Mon 21 Jul,Sun 20 Jul,Sat 19 Jul,Fri 18 Jul,Thu 17 Jul,Wed 16 Jul,Tue 15 Jul,Mon 14 Jul,Sun 13 Jul,Sat 12 Jul",/cas/4581106266.html,Help me get off  - m4w
"Wed 23 Jul,Tue 22 Jul,Mon 21 Jul,Sun 20 Jul,Sat 19 Jul,Fri 18 Jul,Thu 17 Jul,Wed 16 Jul,Tue 15 Jul,Mon 14 Jul,Sun 13 Jul,Sat 12 Jul",/cas/4576317071.html,Bored in Juneau  - m4w
"Wed 23 Jul,Tue 22 Jul,Mon 21 Jul,Sun 20 Jul,Sat 19 Jul,Fri 18 Jul,Thu 17 Jul,Wed 16 Jul,Tue 15 Jul,Mon 14 Jul,Sun 13 Jul,Sat 12 Jul",/cas/4581068821.html,Be in my hole  - m4m
"Sat 02 Aug,Fri 01 Aug,Thu 31 Jul,Wed 30 Jul,Tue 29 Jul,Mon 28 Jul,Sun 27 Jul,Sat 26 Jul,Fri 25 Jul,Thu 24 Jul,Wed 23 Jul",/cas/4597044883.html,Any lonely wives or mommas? - m4w
"Sat 02 Aug,Fri 01 Aug,Thu 31 Jul,Wed 30 Jul,Tue 29 Jul,Mon 28 Jul,Sun 27 Jul,Sat 26 Jul,Fri 25 Jul,Thu 24 Jul,Wed 23 Jul",/cas/4596991972.html,Afternoon fun anyone.  - m4w
"Sat 02 Aug,Fri 01 Aug,Thu 31 Jul,Wed 30 Jul,Tue 29 Jul,Mon 28 Jul,Sun 27 Jul,Sat 26 Jul,Fri 25 Jul,Thu 24 Jul,Wed 23 Jul",/cas/4596628347.html,the suns up - m4w
"Sat 02 Aug,Fri 01 Aug,Thu 31 Jul,Wed 30 Jul,Tue 29 Jul,Mon 28 Jul,Sun 27 Jul,Sat 26 Jul,Fri 25 Jul,Thu 24 Jul,Wed 23 Jul",/cas/4596486250.html,Let me ride ur cock - m4m
"Sat 12 Jul,Fri 11 Jul,Thu 10 Jul,Wed 09 Jul,Tue 08 Jul,Mon 07 Jul,Sun 06 Jul,Sat 05 Jul",/cas/4529260430.html,need your pigtails pulled from behind - m4w
"Sat 12 Jul,Fri 11 Jul,Thu 10 Jul,Wed 09 Jul,Tue 08 Jul,Mon 07 Jul,Sun 06 Jul,Sat 05 Jul",/cas/4564702884.html,looking for a dress up buddy - m4m
"Sat 12 Jul,Fri 11 Jul,Thu 10 Jul,Wed 09 Jul,Tue 08 Jul,Mon 07 Jul,Sun 06 Jul,Sat 05 Jul",/cas/4564163587.html,seasonal work on Prince of Whales Island - m4m
"Sat 12 Jul,Fri 11 Jul,Thu 10 Jul,Wed 09 Jul,Tue 08 Jul,Mon 07 Jul,Sun 06 Jul,Sat 05 Jul",/cas/4563977663.html,a foot thing - m4w
"Sat 12 Jul,Fri 11 Jul,Thu 10 Jul,Wed 09 Jul,Tue 08 Jul,Mon 07 Jul,Sun 06 Jul,Sat 05 Jul",/cas/4563905182.html,Looking for the sweet spot - m4w
"Sat 12 Jul,Fri 11 Jul,Thu 10 Jul,Wed 09 Jul,Tue 08 Jul,Mon 07 Jul,Sun 06 Jul,Sat 05 Jul",/cas/4563787235.html,Am I crazy?  - w4w
"Sat 12 Jul,Fri 11 Jul,Thu 10 Jul,Wed 09 Jul,Tue 08 Jul,Mon 07 Jul,Sun 06 Jul,Sat 05 Jul",/cas/4521741516.html,Any couples or single men from out of town - mw4mw
"Sat 12 Jul,Fri 11 Jul,Thu 10 Jul,Wed 09 Jul,Tue 08 Jul,Mon 07 Jul,Sun 06 Jul,Sat 05 Jul",/cas/4563389584.html,summer time - m4m
"Sat 12 Jul,Fri 11 Jul,Thu 10 Jul,Wed 09 Jul,Tue 08 Jul,Mon 07 Jul,Sun 06 Jul,Sat 05 Jul",/cas/4563305957.html,Bottom Seeking NSA Top - m4m
"Sun 10 Aug,Sat 09 Aug,Fri 08 Aug,Thu 07 Aug,Wed 06 Aug,Tue 05 Aug,Mon 04 Aug,Sun 03 Aug,Sat 02 Aug",/cas/4611724171.html,we want to play - mw4w
"Sun 10 Aug,Sat 09 Aug,Fri 08 Aug,Thu 07 Aug,Wed 06 Aug,Tue 05 Aug,Mon 04 Aug,Sun 03 Aug,Sat 02 Aug",/cas/4611538171.html,Like oral and 69? - m4w
"Sun 10 Aug,Sat 09 Aug,Fri 08 Aug,Thu 07 Aug,Wed 06 Aug,Tue 05 Aug,Mon 04 Aug,Sun 03 Aug,Sat 02 Aug",/cas/4611453509.html,Looking for some good head - m4m
"Sun 10 Aug,Sat 09 Aug,Fri 08 Aug,Thu 07 Aug,Wed 06 Aug,Tue 05 Aug,Mon 04 Aug,Sun 03 Aug,Sat 02 Aug",/cas/4610766420.html,horny on a rainy day - m4m
"Sun 10 Aug,Sat 09 Aug,Fri 08 Aug,Thu 07 Aug,Wed 06 Aug,Tue 05 Aug,Mon 04 Aug,Sun 03 Aug,Sat 02 Aug",/cas/4610618776.html,Who is out there for me? - w4m
"Sat 16 Aug,Fri 15 Aug,Thu 14 Aug,Wed 13 Aug,Tue 12 Aug,Mon 11 Aug,Sun 10 Aug",/cas/4618433115.html,Lonely and horny - m4w
"Sat 16 Aug,Fri 15 Aug,Thu 14 Aug,Wed 13 Aug,Tue 12 Aug,Mon 11 Aug,Sun 10 Aug",/cas/4618432983.html,Virgin ass - m4m
"Sat 16 Aug,Fri 15 Aug,Thu 14 Aug,Wed 13 Aug,Tue 12 Aug,Mon 11 Aug,Sun 10 Aug",/cas/4618429134.html, looking for fun on rainy night - w4m
"Sat 16 Aug,Fri 15 Aug,Thu 14 Aug,Wed 13 Aug,Tue 12 Aug,Mon 11 Aug,Sun 10 Aug",/cas/4618401960.html,Looking for someone experienced - m4w
"Sat 16 Aug,Fri 15 Aug,Thu 14 Aug,Wed 13 Aug,Tue 12 Aug,Mon 11 Aug,Sun 10 Aug",/cas/4618402482.html,Any one in hotel needing a massage - m4m
"Sat 16 Aug,Fri 15 Aug,Thu 14 Aug,Wed 13 Aug,Tue 12 Aug,Mon 11 Aug,Sun 10 Aug",/cas/4614503385.html,NSA hook-up - m4m
"Wed 23 Jul,Tue 22 Jul,Mon 21 Jul,Sun 20 Jul,Sat 19 Jul,Fri 18 Jul,Thu 17 Jul,Wed 16 Jul,Tue 15 Jul,Mon 14 Jul,Sun 13 Jul,Sat 12 Jul",/cas/4581056836.html,Wanting to be FUCKED  - m4m
"Wed 23 Jul,Tue 22 Jul,Mon 21 Jul,Sun 20 Jul,Sat 19 Jul,Fri 18 Jul,Thu 17 Jul,Wed 16 Jul,Tue 15 Jul,Mon 14 Jul,Sun 13 Jul,Sat 12 Jul",/cas/4581049438.html,Outdoor fun - m4w
"Wed 23 Jul,Tue 22 Jul,Mon 21 Jul,Sun 20 Jul,Sat 19 Jul,Fri 18 Jul,Thu 17 Jul,Wed 16 Jul,Tue 15 Jul,Mon 14 Jul,Sun 13 Jul,Sat 12 Jul",/cas/4581045750.html,Sunshine fuck - m4m
"Sat 02 Aug,Fri 01 Aug,Thu 31 Jul,Wed 30 Jul,Tue 29 Jul,Mon 28 Jul,Sun 27 Jul,Sat 26 Jul,Fri 25 Jul,Thu 24 Jul,Wed 23 Jul",/cas/4595957449.html,strizip fo da cazash - m4w
"Sat 02 Aug,Fri 01 Aug,Thu 31 Jul,Wed 30 Jul,Tue 29 Jul,Mon 28 Jul,Sun 27 Jul,Sat 26 Jul,Fri 25 Jul,Thu 24 Jul,Wed 23 Jul",/cas/4595951350.html,Looking for a Bubble Butt Cocksucker - m4w
"Sat 02 Aug,Fri 01 Aug,Thu 31 Jul,Wed 30 Jul,Tue 29 Jul,Mon 28 Jul,Sun 27 Jul,Sat 26 Jul,Fri 25 Jul,Thu 24 Jul,Wed 23 Jul",/cas/4595927504.html,blowjob right now... and maybe more - m4m
"Sat 02 Aug,Fri 01 Aug,Thu 31 Jul,Wed 30 Jul,Tue 29 Jul,Mon 28 Jul,Sun 27 Jul,Sat 26 Jul,Fri 25 Jul,Thu 24 Jul,Wed 23 Jul",/cas/4595837579.html,18 y/o looking for older women - m4w
"Sat 02 Aug,Fri 01 Aug,Thu 31 Jul,Wed 30 Jul,Tue 29 Jul,Mon 28 Jul,Sun 27 Jul,Sat 26 Jul,Fri 25 Jul,Thu 24 Jul,Wed 23 Jul",/cas/4595803162.html,Looking in Sitka - m4m
"Sat 02 Aug,Fri 01 Aug,Thu 31 Jul,Wed 30 Jul,Tue 29 Jul,Mon 28 Jul,Sun 27 Jul,Sat 26 Jul,Fri 25 Jul,Thu 24 Jul,Wed 23 Jul",/cas/4595723934.html,I want to be fucked - m4m
"Sat 02 Aug,Fri 01 Aug,Thu 31 Jul,Wed 30 Jul,Tue 29 Jul,Mon 28 Jul,Sun 27 Jul,Sat 26 Jul,Fri 25 Jul,Thu 24 Jul,Wed 23 Jul",/cas/4595561205.html,looking for fwb... - m4w
"Sat 12 Jul,Fri 11 Jul,Thu 10 Jul,Wed 09 Jul,Tue 08 Jul,Mon 07 Jul,Sun 06 Jul,Sat 05 Jul",/cas/4563288322.html,tall bottom needing regular Top - m4m
"Sat 12 Jul,Fri 11 Jul,Thu 10 Jul,Wed 09 Jul,Tue 08 Jul,Mon 07 Jul,Sun 06 Jul,Sat 05 Jul",/cas/4563286819.html,Married women get what they want here - m4w
"Sat 12 Jul,Fri 11 Jul,Thu 10 Jul,Wed 09 Jul,Tue 08 Jul,Mon 07 Jul,Sun 06 Jul,Sat 05 Jul",/cas/4563282690.html,I'll take your virginity - m4w
"Sat 12 Jul,Fri 11 Jul,Thu 10 Jul,Wed 09 Jul,Tue 08 Jul,Mon 07 Jul,Sun 06 Jul,Sat 05 Jul",/cas/4563280596.html,Working in PSG - m4m
"Sun 10 Aug,Sat 09 Aug,Fri 08 Aug,Thu 07 Aug,Wed 06 Aug,Tue 05 Aug,Mon 04 Aug,Sun 03 Aug,Sat 02 Aug",/cas/4610414809.html,looking - m4m
"Sun 10 Aug,Sat 09 Aug,Fri 08 Aug,Thu 07 Aug,Wed 06 Aug,Tue 05 Aug,Mon 04 Aug,Sun 03 Aug,Sat 02 Aug",/cas/4600023906.html,Be Your slave?  - m4w
"Sun 10 Aug,Sat 09 Aug,Fri 08 Aug,Thu 07 Aug,Wed 06 Aug,Tue 05 Aug,Mon 04 Aug,Sun 03 Aug,Sat 02 Aug",/cas/4590836891.html,please dominate me   - m4w
"Sun 10 Aug,Sat 09 Aug,Fri 08 Aug,Thu 07 Aug,Wed 06 Aug,Tue 05 Aug,Mon 04 Aug,Sun 03 Aug,Sat 02 Aug",/cas/4606522233.html,iso mistress - m4w
"Sat 16 Aug,Fri 15 Aug,Thu 14 Aug,Wed 13 Aug,Tue 12 Aug,Mon 11 Aug,Sun 10 Aug",/cas/4618350043.html,pnp anyone with a latino - m4m
"Sat 16 Aug,Fri 15 Aug,Thu 14 Aug,Wed 13 Aug,Tue 12 Aug,Mon 11 Aug,Sun 10 Aug",/cas/4599055259.html,Bottom for you to Use - m4m
"Sat 16 Aug,Fri 15 Aug,Thu 14 Aug,Wed 13 Aug,Tue 12 Aug,Mon 11 Aug,Sun 10 Aug",/cas/4617909461.html,In ketchikan  - m4w
"Sat 16 Aug,Fri 15 Aug,Thu 14 Aug,Wed 13 Aug,Tue 12 Aug,Mon 11 Aug,Sun 10 Aug",/cas/4617649509.html,Handsome built guy 4 fun - m4m
"Sat 16 Aug,Fri 15 Aug,Thu 14 Aug,Wed 13 Aug,Tue 12 Aug,Mon 11 Aug,Sun 10 Aug",/cas/4617341070.html,I wanna play - m4w
"Sat 16 Aug,Fri 15 Aug,Thu 14 Aug,Wed 13 Aug,Tue 12 Aug,Mon 11 Aug,Sun 10 Aug",/cas/4576383736.html,win win - m4w
"Wed 23 Jul,Tue 22 Jul,Mon 21 Jul,Sun 20 Jul,Sat 19 Jul,Fri 18 Jul,Thu 17 Jul,Wed 16 Jul,Tue 15 Jul,Mon 14 Jul,Sun 13 Jul,Sat 12 Jul",/cas/4580889447.html,Looking for someone to spend time with.... - w4m
"Wed 23 Jul,Tue 22 Jul,Mon 21 Jul,Sun 20 Jul,Sat 19 Jul,Fri 18 Jul,Thu 17 Jul,Wed 16 Jul,Tue 15 Jul,Mon 14 Jul,Sun 13 Jul,Sat 12 Jul",/cas/4580304709.html,suck my load - m4m
"Wed 23 Jul,Tue 22 Jul,Mon 21 Jul,Sun 20 Jul,Sat 19 Jul,Fri 18 Jul,Thu 17 Jul,Wed 16 Jul,Tue 15 Jul,Mon 14 Jul,Sun 13 Jul,Sat 12 Jul",/cas/4579934309.html,Reply if your serious! - m4w
"Sat 02 Aug,Fri 01 Aug,Thu 31 Jul,Wed 30 Jul,Tue 29 Jul,Mon 28 Jul,Sun 27 Jul,Sat 26 Jul,Fri 25 Jul,Thu 24 Jul,Wed 23 Jul",/cas/4595259227.html,Hung thick guy looking - m4m
"Sat 02 Aug,Fri 01 Aug,Thu 31 Jul,Wed 30 Jul,Tue 29 Jul,Mon 28 Jul,Sun 27 Jul,Sat 26 Jul,Fri 25 Jul,Thu 24 Jul,Wed 23 Jul",/cas/4594985480.html,Would like to watch! - m4ww
"Sat 02 Aug,Fri 01 Aug,Thu 31 Jul,Wed 30 Jul,Tue 29 Jul,Mon 28 Jul,Sun 27 Jul,Sat 26 Jul,Fri 25 Jul,Thu 24 Jul,Wed 23 Jul",/cas/4594277416.html,blowjob tonight - m4m
"Sat 02 Aug,Fri 01 Aug,Thu 31 Jul,Wed 30 Jul,Tue 29 Jul,Mon 28 Jul,Sun 27 Jul,Sat 26 Jul,Fri 25 Jul,Thu 24 Jul,Wed 23 Jul",/cas/4594269105.html,Juneaus biggest cock - m4m
"Sat 12 Jul,Fri 11 Jul,Thu 10 Jul,Wed 09 Jul,Tue 08 Jul,Mon 07 Jul,Sun 06 Jul,Sat 05 Jul",/cas/4563250398.html,Younger or older  - m4m
"Sat 12 Jul,Fri 11 Jul,Thu 10 Jul,Wed 09 Jul,Tue 08 Jul,Mon 07 Jul,Sun 06 Jul,Sat 05 Jul",/cas/4563178964.html,These fine summer days - m4w
"Sat 12 Jul,Fri 11 Jul,Thu 10 Jul,Wed 09 Jul,Tue 08 Jul,Mon 07 Jul,Sun 06 Jul,Sat 05 Jul",/cas/4563035337.html,in met 4summer - m4m
"Sat 12 Jul,Fri 11 Jul,Thu 10 Jul,Wed 09 Jul,Tue 08 Jul,Mon 07 Jul,Sun 06 Jul,Sat 05 Jul",/cas/4562987539.html,Looking for someone older. - w4m
"Sat 12 Jul,Fri 11 Jul,Thu 10 Jul,Wed 09 Jul,Tue 08 Jul,Mon 07 Jul,Sun 06 Jul,Sat 05 Jul",/cas/4562977438.html,NSA- - m4w
"Sat 12 Jul,Fri 11 Jul,Thu 10 Jul,Wed 09 Jul,Tue 08 Jul,Mon 07 Jul,Sun 06 Jul,Sat 05 Jul",/cas/4562875332.html,taboo - m4m
"Sat 12 Jul,Fri 11 Jul,Thu 10 Jul,Wed 09 Jul,Tue 08 Jul,Mon 07 Jul,Sun 06 Jul,Sat 05 Jul",/cas/4562606333.html,milk ur shaft - m4m
"Sat 12 Jul,Fri 11 Jul,Thu 10 Jul,Wed 09 Jul,Tue 08 Jul,Mon 07 Jul,Sun 06 Jul,Sat 05 Jul",/cas/4562602225.html,Bi male - m4m
"Sat 12 Jul,Fri 11 Jul,Thu 10 Jul,Wed 09 Jul,Tue 08 Jul,Mon 07 Jul,Sun 06 Jul,Sat 05 Jul",/cas/4562360811.html,Bottom Needs a Kinky Top - m4m
"Sun 10 Aug,Sat 09 Aug,Fri 08 Aug,Thu 07 Aug,Wed 06 Aug,Tue 05 Aug,Mon 04 Aug,Sun 03 Aug,Sat 02 Aug",/cas/4610228988.html,I hear I eat pussy like a girl - m4w
"Sun 10 Aug,Sat 09 Aug,Fri 08 Aug,Thu 07 Aug,Wed 06 Aug,Tue 05 Aug,Mon 04 Aug,Sun 03 Aug,Sat 02 Aug",/cas/4610225639.html,Horny cruise ship women - m4w
"Sun 10 Aug,Sat 09 Aug,Fri 08 Aug,Thu 07 Aug,Wed 06 Aug,Tue 05 Aug,Mon 04 Aug,Sun 03 Aug,Sat 02 Aug",/cas/4563376764.html,Power bottom visiting Juneau - m4m
"Sun 10 Aug,Sat 09 Aug,Fri 08 Aug,Thu 07 Aug,Wed 06 Aug,Tue 05 Aug,Mon 04 Aug,Sun 03 Aug,Sat 02 Aug",/cas/4610113460.html,I will be your first - m4w
"Sat 16 Aug,Fri 15 Aug,Thu 14 Aug,Wed 13 Aug,Tue 12 Aug,Mon 11 Aug,Sun 10 Aug",/cas/4577664179.html,looking for a lover - m4w
"Sat 16 Aug,Fri 15 Aug,Thu 14 Aug,Wed 13 Aug,Tue 12 Aug,Mon 11 Aug,Sun 10 Aug",/cas/4577670911.html,freak in the bed - m4w
"Sat 16 Aug,Fri 15 Aug,Thu 14 Aug,Wed 13 Aug,Tue 12 Aug,Mon 11 Aug,Sun 10 Aug",/cas/4577680470.html,face fucking - m4w
"Sat 16 Aug,Fri 15 Aug,Thu 14 Aug,Wed 13 Aug,Tue 12 Aug,Mon 11 Aug,Sun 10 Aug",/cas/4605183765.html,real slut wanted - m4w
"Sat 16 Aug,Fri 15 Aug,Thu 14 Aug,Wed 13 Aug,Tue 12 Aug,Mon 11 Aug,Sun 10 Aug",/cas/4605217834.html,ass worship - m4w
"Wed 23 Jul,Tue 22 Jul,Mon 21 Jul,Sun 20 Jul,Sat 19 Jul,Fri 18 Jul,Thu 17 Jul,Wed 16 Jul,Tue 15 Jul,Mon 14 Jul,Sun 13 Jul,Sat 12 Jul",/cas/4553716291.html,Young 420 Friendly NSA Discreet Clean - m4w
"Wed 23 Jul,Tue 22 Jul,Mon 21 Jul,Sun 20 Jul,Sat 19 Jul,Fri 18 Jul,Thu 17 Jul,Wed 16 Jul,Tue 15 Jul,Mon 14 Jul,Sun 13 Jul,Sat 12 Jul",/cas/4579393700.html,Natives and Asians any age - m4m
"Wed 23 Jul,Tue 22 Jul,Mon 21 Jul,Sun 20 Jul,Sat 19 Jul,Fri 18 Jul,Thu 17 Jul,Wed 16 Jul,Tue 15 Jul,Mon 14 Jul,Sun 13 Jul,Sat 12 Jul",/cas/4532712327.html,Hey handsome well endowed guy here for  a good time party and play fri - m4w
"Wed 23 Jul,Tue 22 Jul,Mon 21 Jul,Sun 20 Jul,Sat 19 Jul,Fri 18 Jul,Thu 17 Jul,Wed 16 Jul,Tue 15 Jul,Mon 14 Jul,Sun 13 Jul,Sat 12 Jul",/cas/4579124158.html,Fun with southern country man - m4w
"Sat 02 Aug,Fri 01 Aug,Thu 31 Jul,Wed 30 Jul,Tue 29 Jul,Mon 28 Jul,Sun 27 Jul,Sat 26 Jul,Fri 25 Jul,Thu 24 Jul,Wed 23 Jul",/cas/4594226991.html,24 and a virgin - m4w
"Sat 02 Aug,Fri 01 Aug,Thu 31 Jul,Wed 30 Jul,Tue 29 Jul,Mon 28 Jul,Sun 27 Jul,Sat 26 Jul,Fri 25 Jul,Thu 24 Jul,Wed 23 Jul",/cas/4594172478.html,love to cum - m4w
"Sat 02 Aug,Fri 01 Aug,Thu 31 Jul,Wed 30 Jul,Tue 29 Jul,Mon 28 Jul,Sun 27 Jul,Sat 26 Jul,Fri 25 Jul,Thu 24 Jul,Wed 23 Jul",/cas/4594150394.html,forget about the rain with a good distraction - m4w
"Sat 02 Aug,Fri 01 Aug,Thu 31 Jul,Wed 30 Jul,Tue 29 Jul,Mon 28 Jul,Sun 27 Jul,Sat 26 Jul,Fri 25 Jul,Thu 24 Jul,Wed 23 Jul",/cas/4594092111.html,"No Strings, no names, singular desire... Sex.  - m4w"
"Sat 02 Aug,Fri 01 Aug,Thu 31 Jul,Wed 30 Jul,Tue 29 Jul,Mon 28 Jul,Sun 27 Jul,Sat 26 Jul,Fri 25 Jul,Thu 24 Jul,Wed 23 Jul",/cas/4594005958.html,verse visitor in KTN - m4m
"Sat 02 Aug,Fri 01 Aug,Thu 31 Jul,Wed 30 Jul,Tue 29 Jul,Mon 28 Jul,Sun 27 Jul,Sat 26 Jul,Fri 25 Jul,Thu 24 Jul,Wed 23 Jul",/cas/4593653029.html,It's just sex :) - m4w
"Sat 02 Aug,Fri 01 Aug,Thu 31 Jul,Wed 30 Jul,Tue 29 Jul,Mon 28 Jul,Sun 27 Jul,Sat 26 Jul,Fri 25 Jul,Thu 24 Jul,Wed 23 Jul",/cas/4567578798.html,Rainy day sex - m4w
"Sat 02 Aug,Fri 01 Aug,Thu 31 Jul,Wed 30 Jul,Tue 29 Jul,Mon 28 Jul,Sun 27 Jul,Sat 26 Jul,Fri 25 Jul,Thu 24 Jul,Wed 23 Jul",/cas/4592779254.html,bottom available 4 early morning quikie or tke ur time - m4m
"Sat 12 Jul,Fri 11 Jul,Thu 10 Jul,Wed 09 Jul,Tue 08 Jul,Mon 07 Jul,Sun 06 Jul,Sat 05 Jul",/cas/4561726214.html,18 boy wants a daddy - m4m
"Sat 12 Jul,Fri 11 Jul,Thu 10 Jul,Wed 09 Jul,Tue 08 Jul,Mon 07 Jul,Sun 06 Jul,Sat 05 Jul",/cas/4561660819.html,mtm - m4m
"Sat 12 Jul,Fri 11 Jul,Thu 10 Jul,Wed 09 Jul,Tue 08 Jul,Mon 07 Jul,Sun 06 Jul,Sat 05 Jul",/cas/4561567464.html,Bare hookup  - m4m
"Sun 10 Aug,Sat 09 Aug,Fri 08 Aug,Thu 07 Aug,Wed 06 Aug,Tue 05 Aug,Mon 04 Aug,Sun 03 Aug,Sat 02 Aug",/cas/4609928437.html,Masculine Bi hotel visitor - m4m
"Sun 10 Aug,Sat 09 Aug,Fri 08 Aug,Thu 07 Aug,Wed 06 Aug,Tue 05 Aug,Mon 04 Aug,Sun 03 Aug,Sat 02 Aug",/cas/4609893972.html,Looking for a buddy.... - m4m
"Sun 10 Aug,Sat 09 Aug,Fri 08 Aug,Thu 07 Aug,Wed 06 Aug,Tue 05 Aug,Mon 04 Aug,Sun 03 Aug,Sat 02 Aug",/cas/4609347815.html,Sexy white girl new to the area..... - w4m
"Sun 10 Aug,Sat 09 Aug,Fri 08 Aug,Thu 07 Aug,Wed 06 Aug,Tue 05 Aug,Mon 04 Aug,Sun 03 Aug,Sat 02 Aug",/cas/4609323228.html,Bi bottom here looking for bi tops  - m4m
"Sun 10 Aug,Sat 09 Aug,Fri 08 Aug,Thu 07 Aug,Wed 06 Aug,Tue 05 Aug,Mon 04 Aug,Sun 03 Aug,Sat 02 Aug",/cas/4609306574.html,Who wants to play around this morning - m4m
"Sat 16 Aug,Fri 15 Aug,Thu 14 Aug,Wed 13 Aug,Tue 12 Aug,Mon 11 Aug,Sun 10 Aug",/cas/4610317382.html,cowgirl wanted - m4w
"Sat 16 Aug,Fri 15 Aug,Thu 14 Aug,Wed 13 Aug,Tue 12 Aug,Mon 11 Aug,Sun 10 Aug",/cas/4610476991.html,hitchhiker fantasy - m4w
"Sat 16 Aug,Fri 15 Aug,Thu 14 Aug,Wed 13 Aug,Tue 12 Aug,Mon 11 Aug,Sun 10 Aug",/cas/4587178482.html,Giving annonymous blowjobs - m4m
"Wed 23 Jul,Tue 22 Jul,Mon 21 Jul,Sun 20 Jul,Sat 19 Jul,Fri 18 Jul,Thu 17 Jul,Wed 16 Jul,Tue 15 Jul,Mon 14 Jul,Sun 13 Jul,Sat 12 Jul",/cas/4579108289.html,casual fun - m4m
"Wed 23 Jul,Tue 22 Jul,Mon 21 Jul,Sun 20 Jul,Sat 19 Jul,Fri 18 Jul,Thu 17 Jul,Wed 16 Jul,Tue 15 Jul,Mon 14 Jul,Sun 13 Jul,Sat 12 Jul",/cas/4579081136.html,curious - m4m
"Wed 23 Jul,Tue 22 Jul,Mon 21 Jul,Sun 20 Jul,Sat 19 Jul,Fri 18 Jul,Thu 17 Jul,Wed 16 Jul,Tue 15 Jul,Mon 14 Jul,Sun 13 Jul,Sat 12 Jul",/cas/4579074838.html,Only working here for a few more weeks.. - m4w
"Wed 23 Jul,Tue 22 Jul,Mon 21 Jul,Sun 20 Jul,Sat 19 Jul,Fri 18 Jul,Thu 17 Jul,Wed 16 Jul,Tue 15 Jul,Mon 14 Jul,Sun 13 Jul,Sat 12 Jul",/cas/4578398664.html,Any Juneau girls like....... - m4w
"Sat 02 Aug,Fri 01 Aug,Thu 31 Jul,Wed 30 Jul,Tue 29 Jul,Mon 28 Jul,Sun 27 Jul,Sat 26 Jul,Fri 25 Jul,Thu 24 Jul,Wed 23 Jul",/cas/4592733688.html,Looking for older lady - m4w
"Sat 02 Aug,Fri 01 Aug,Thu 31 Jul,Wed 30 Jul,Tue 29 Jul,Mon 28 Jul,Sun 27 Jul,Sat 26 Jul,Fri 25 Jul,Thu 24 Jul,Wed 23 Jul",/cas/4592582454.html,needing nsa Bj maybe more - m4m
"Sat 02 Aug,Fri 01 Aug,Thu 31 Jul,Wed 30 Jul,Tue 29 Jul,Mon 28 Jul,Sun 27 Jul,Sat 26 Jul,Fri 25 Jul,Thu 24 Jul,Wed 23 Jul",/cas/4592581590.html,blowjob - m4m
"Sat 02 Aug,Fri 01 Aug,Thu 31 Jul,Wed 30 Jul,Tue 29 Jul,Mon 28 Jul,Sun 27 Jul,Sat 26 Jul,Fri 25 Jul,Thu 24 Jul,Wed 23 Jul",/cas/4592577752.html,Host DT - m4m
"Sat 02 Aug,Fri 01 Aug,Thu 31 Jul,Wed 30 Jul,Tue 29 Jul,Mon 28 Jul,Sun 27 Jul,Sat 26 Jul,Fri 25 Jul,Thu 24 Jul,Wed 23 Jul",/cas/4592532707.html,Looking to host a top right now  - m4m
"Sat 02 Aug,Fri 01 Aug,Thu 31 Jul,Wed 30 Jul,Tue 29 Jul,Mon 28 Jul,Sun 27 Jul,Sat 26 Jul,Fri 25 Jul,Thu 24 Jul,Wed 23 Jul",/cas/4592532260.html,just sex - m4w
"Sat 02 Aug,Fri 01 Aug,Thu 31 Jul,Wed 30 Jul,Tue 29 Jul,Mon 28 Jul,Sun 27 Jul,Sat 26 Jul,Fri 25 Jul,Thu 24 Jul,Wed 23 Jul",/cas/4573994452.html,Love to give & get head - m4m
"Sat 02 Aug,Fri 01 Aug,Thu 31 Jul,Wed 30 Jul,Tue 29 Jul,Mon 28 Jul,Sun 27 Jul,Sat 26 Jul,Fri 25 Jul,Thu 24 Jul,Wed 23 Jul",/cas/4592176251.html,i need to unload - m4m
"Sat 12 Jul,Fri 11 Jul,Thu 10 Jul,Wed 09 Jul,Tue 08 Jul,Mon 07 Jul,Sun 06 Jul,Sat 05 Jul",/cas/4561471803.html,FWB  - m4m
"Sat 12 Jul,Fri 11 Jul,Thu 10 Jul,Wed 09 Jul,Tue 08 Jul,Mon 07 Jul,Sun 06 Jul,Sat 05 Jul",/cas/4561365767.html,Do any women read these? - m4w
"Sat 12 Jul,Fri 11 Jul,Thu 10 Jul,Wed 09 Jul,Tue 08 Jul,Mon 07 Jul,Sun 06 Jul,Sat 05 Jul",/cas/4561224777.html,Do you need a big cock? - m4mw
"Sun 10 Aug,Sat 09 Aug,Fri 08 Aug,Thu 07 Aug,Wed 06 Aug,Tue 05 Aug,Mon 04 Aug,Sun 03 Aug,Sat 02 Aug",/cas/4609233517.html,3's a party - mw4w
"Sun 10 Aug,Sat 09 Aug,Fri 08 Aug,Thu 07 Aug,Wed 06 Aug,Tue 05 Aug,Mon 04 Aug,Sun 03 Aug,Sat 02 Aug",/cas/4608731108.html,In town cpl weeks - m4m
"Sun 10 Aug,Sat 09 Aug,Fri 08 Aug,Thu 07 Aug,Wed 06 Aug,Tue 05 Aug,Mon 04 Aug,Sun 03 Aug,Sat 02 Aug",/cas/4608712234.html,looking for black studd  - m4m
"Sun 10 Aug,Sat 09 Aug,Fri 08 Aug,Thu 07 Aug,Wed 06 Aug,Tue 05 Aug,Mon 04 Aug,Sun 03 Aug,Sat 02 Aug",/cas/4564900654.html,looking in metalakatla  - m4m
"Sat 16 Aug,Fri 15 Aug,Thu 14 Aug,Wed 13 Aug,Tue 12 Aug,Mon 11 Aug,Sun 10 Aug",/cas/4616879422.html,one time or ongoing... - mw4w
"Sat 16 Aug,Fri 15 Aug,Thu 14 Aug,Wed 13 Aug,Tue 12 Aug,Mon 11 Aug,Sun 10 Aug",/cas/4616762031.html,It is simple - w4m
"Sat 16 Aug,Fri 15 Aug,Thu 14 Aug,Wed 13 Aug,Tue 12 Aug,Mon 11 Aug,Sun 10 Aug",/cas/4616756916.html,BBW bored - w4m
"Sat 16 Aug,Fri 15 Aug,Thu 14 Aug,Wed 13 Aug,Tue 12 Aug,Mon 11 Aug,Sun 10 Aug",/cas/4616649099.html,In need of a milf - m4w
"Sat 16 Aug,Fri 15 Aug,Thu 14 Aug,Wed 13 Aug,Tue 12 Aug,Mon 11 Aug,Sun 10 Aug",/cas/4584848894.html,Horny - m4w
"Wed 23 Jul,Tue 22 Jul,Mon 21 Jul,Sun 20 Jul,Sat 19 Jul,Fri 18 Jul,Thu 17 Jul,Wed 16 Jul,Tue 15 Jul,Mon 14 Jul,Sun 13 Jul,Sat 12 Jul",/cas/4578252881.html,Some fun with a lady - m4w
"Wed 23 Jul,Tue 22 Jul,Mon 21 Jul,Sun 20 Jul,Sat 19 Jul,Fri 18 Jul,Thu 17 Jul,Wed 16 Jul,Tue 15 Jul,Mon 14 Jul,Sun 13 Jul,Sat 12 Jul",/cas/4549212780.html,sex buddy - m4m
"Sat 02 Aug,Fri 01 Aug,Thu 31 Jul,Wed 30 Jul,Tue 29 Jul,Mon 28 Jul,Sun 27 Jul,Sat 26 Jul,Fri 25 Jul,Thu 24 Jul,Wed 23 Jul",/cas/4592097431.html,watch me masturbate - m4w
"Sat 02 Aug,Fri 01 Aug,Thu 31 Jul,Wed 30 Jul,Tue 29 Jul,Mon 28 Jul,Sun 27 Jul,Sat 26 Jul,Fri 25 Jul,Thu 24 Jul,Wed 23 Jul",/cas/4592104843.html,Inexperienced bi male - m4m
"Sat 02 Aug,Fri 01 Aug,Thu 31 Jul,Wed 30 Jul,Tue 29 Jul,Mon 28 Jul,Sun 27 Jul,Sat 26 Jul,Fri 25 Jul,Thu 24 Jul,Wed 23 Jul",/cas/4558001434.html,can i get a massage tonite - m4w
"Sat 02 Aug,Fri 01 Aug,Thu 31 Jul,Wed 30 Jul,Tue 29 Jul,Mon 28 Jul,Sun 27 Jul,Sat 26 Jul,Fri 25 Jul,Thu 24 Jul,Wed 23 Jul",/cas/4577273672.html,masturbators wanted !! - m4m
"Sat 12 Jul,Fri 11 Jul,Thu 10 Jul,Wed 09 Jul,Tue 08 Jul,Mon 07 Jul,Sun 06 Jul,Sat 05 Jul",/cas/4561221594.html,Smoke-out and stroke-out? - m4m
"Sat 12 Jul,Fri 11 Jul,Thu 10 Jul,Wed 09 Jul,Tue 08 Jul,Mon 07 Jul,Sun 06 Jul,Sat 05 Jul",/cas/4560995808.html,Looking to please - m4w
"Sat 12 Jul,Fri 11 Jul,Thu 10 Jul,Wed 09 Jul,Tue 08 Jul,Mon 07 Jul,Sun 06 Jul,Sat 05 Jul",/cas/4560959505.html,my lady wants to experience a 3 some - mw4w
"Sat 12 Jul,Fri 11 Jul,Thu 10 Jul,Wed 09 Jul,Tue 08 Jul,Mon 07 Jul,Sun 06 Jul,Sat 05 Jul",/cas/4560296352.html,Morning wood - m4m
"Sun 10 Aug,Sat 09 Aug,Fri 08 Aug,Thu 07 Aug,Wed 06 Aug,Tue 05 Aug,Mon 04 Aug,Sun 03 Aug,Sat 02 Aug",/cas/4608593030.html,Looking for bottom - m4m
"Sun 10 Aug,Sat 09 Aug,Fri 08 Aug,Thu 07 Aug,Wed 06 Aug,Tue 05 Aug,Mon 04 Aug,Sun 03 Aug,Sat 02 Aug",/cas/4608499952.html,Interracial??
"Sun 10 Aug,Sat 09 Aug,Fri 08 Aug,Thu 07 Aug,Wed 06 Aug,Tue 05 Aug,Mon 04 Aug,Sun 03 Aug,Sat 02 Aug",/cas/4608376023.html,seeking maid !! - m4w
"Sat 16 Aug,Fri 15 Aug,Thu 14 Aug,Wed 13 Aug,Tue 12 Aug,Mon 11 Aug,Sun 10 Aug",/cas/4616567698.html,For the right girl - m4ww
"Sat 16 Aug,Fri 15 Aug,Thu 14 Aug,Wed 13 Aug,Tue 12 Aug,Mon 11 Aug,Sun 10 Aug",/cas/4616550969.html,I can host  - m4w
"Sat 16 Aug,Fri 15 Aug,Thu 14 Aug,Wed 13 Aug,Tue 12 Aug,Mon 11 Aug,Sun 10 Aug",/cas/4616472260.html,Are you a lonely BIG BEAUTIFUL WOMAN? :) - m4w
"Sat 16 Aug,Fri 15 Aug,Thu 14 Aug,Wed 13 Aug,Tue 12 Aug,Mon 11 Aug,Sun 10 Aug",/cas/4616377929.html,Looking for the laughter - m4w
"Sat 16 Aug,Fri 15 Aug,Thu 14 Aug,Wed 13 Aug,Tue 12 Aug,Mon 11 Aug,Sun 10 Aug",/cas/4616372384.html,Looking to lose virginity! - m4m
"Sat 16 Aug,Fri 15 Aug,Thu 14 Aug,Wed 13 Aug,Tue 12 Aug,Mon 11 Aug,Sun 10 Aug",/cas/4590092122.html,FUck Bud wanted - m4m
"Wed 23 Jul,Tue 22 Jul,Mon 21 Jul,Sun 20 Jul,Sat 19 Jul,Fri 18 Jul,Thu 17 Jul,Wed 16 Jul,Tue 15 Jul,Mon 14 Jul,Sun 13 Jul,Sat 12 Jul",/cas/4549211221.html,oral love - m4w
"Wed 23 Jul,Tue 22 Jul,Mon 21 Jul,Sun 20 Jul,Sat 19 Jul,Fri 18 Jul,Thu 17 Jul,Wed 16 Jul,Tue 15 Jul,Mon 14 Jul,Sun 13 Jul,Sat 12 Jul",/cas/4577985345.html,Chill - m4m
"Wed 23 Jul,Tue 22 Jul,Mon 21 Jul,Sun 20 Jul,Sat 19 Jul,Fri 18 Jul,Thu 17 Jul,Wed 16 Jul,Tue 15 Jul,Mon 14 Jul,Sun 13 Jul,Sat 12 Jul",/cas/4577981151.html,SPECIAL MASSAGE SPECIAL... - w4m
"Sat 02 Aug,Fri 01 Aug,Thu 31 Jul,Wed 30 Jul,Tue 29 Jul,Mon 28 Jul,Sun 27 Jul,Sat 26 Jul,Fri 25 Jul,Thu 24 Jul,Wed 23 Jul",/cas/4577570448.html,cocksucker looking to suck tonight - m4m
"Sat 02 Aug,Fri 01 Aug,Thu 31 Jul,Wed 30 Jul,Tue 29 Jul,Mon 28 Jul,Sun 27 Jul,Sat 26 Jul,Fri 25 Jul,Thu 24 Jul,Wed 23 Jul",/cas/4577959551.html,looking for a load - m4m
"Sat 02 Aug,Fri 01 Aug,Thu 31 Jul,Wed 30 Jul,Tue 29 Jul,Mon 28 Jul,Sun 27 Jul,Sat 26 Jul,Fri 25 Jul,Thu 24 Jul,Wed 23 Jul",/cas/4582904233.html,looking for a third !! - m4m
"Sat 02 Aug,Fri 01 Aug,Thu 31 Jul,Wed 30 Jul,Tue 29 Jul,Mon 28 Jul,Sun 27 Jul,Sat 26 Jul,Fri 25 Jul,Thu 24 Jul,Wed 23 Jul",/cas/4592082071.html,Something casual - m4m
"Sat 02 Aug,Fri 01 Aug,Thu 31 Jul,Wed 30 Jul,Tue 29 Jul,Mon 28 Jul,Sun 27 Jul,Sat 26 Jul,Fri 25 Jul,Thu 24 Jul,Wed 23 Jul",/cas/4591293892.html,What's good?  any real gals in ketchikan.  - m4w
"Sat 02 Aug,Fri 01 Aug,Thu 31 Jul,Wed 30 Jul,Tue 29 Jul,Mon 28 Jul,Sun 27 Jul,Sat 26 Jul,Fri 25 Jul,Thu 24 Jul,Wed 23 Jul",/cas/4556179704.html,Want To Do IT NOW.  - m4m
"Sat 12 Jul,Fri 11 Jul,Thu 10 Jul,Wed 09 Jul,Tue 08 Jul,Mon 07 Jul,Sun 06 Jul,Sat 05 Jul",/cas/4560204599.html,Morning wood - m4m
"Sat 12 Jul,Fri 11 Jul,Thu 10 Jul,Wed 09 Jul,Tue 08 Jul,Mon 07 Jul,Sun 06 Jul,Sat 05 Jul",/cas/4559943003.html,Lap dance for her... - mw4w
"Sat 12 Jul,Fri 11 Jul,Thu 10 Jul,Wed 09 Jul,Tue 08 Jul,Mon 07 Jul,Sun 06 Jul,Sat 05 Jul",/cas/4559942797.html,"Im still around, just getting bored now - w4m"
"Sat 12 Jul,Fri 11 Jul,Thu 10 Jul,Wed 09 Jul,Tue 08 Jul,Mon 07 Jul,Sun 06 Jul,Sat 05 Jul",/cas/4559939980.html,Ferry Fun - m4w
"Sat 12 Jul,Fri 11 Jul,Thu 10 Jul,Wed 09 Jul,Tue 08 Jul,Mon 07 Jul,Sun 06 Jul,Sat 05 Jul",/cas/4559925740.html,Power top needs submissive bottom to breed - m4m
"Sun 10 Aug,Sat 09 Aug,Fri 08 Aug,Thu 07 Aug,Wed 06 Aug,Tue 05 Aug,Mon 04 Aug,Sun 03 Aug,Sat 02 Aug",/cas/4603788156.html,Looking for fun?m4mw m4w m4m
"Sun 10 Aug,Sat 09 Aug,Fri 08 Aug,Thu 07 Aug,Wed 06 Aug,Tue 05 Aug,Mon 04 Aug,Sun 03 Aug,Sat 02 Aug",/cas/4607657051.html,Looking to suck a hard dick and... - m4m
"Sun 10 Aug,Sat 09 Aug,Fri 08 Aug,Thu 07 Aug,Wed 06 Aug,Tue 05 Aug,Mon 04 Aug,Sun 03 Aug,Sat 02 Aug",/cas/4607618563.html,just fun - m4w
"Sat 16 Aug,Fri 15 Aug,Thu 14 Aug,Wed 13 Aug,Tue 12 Aug,Mon 11 Aug,Sun 10 Aug",/cas/4616293839.html,Young lady wanted - m4w
"Sat 16 Aug,Fri 15 Aug,Thu 14 Aug,Wed 13 Aug,Tue 12 Aug,Mon 11 Aug,Sun 10 Aug",/cas/4616272947.html,Anyone want to play?  - m4m
"Sat 16 Aug,Fri 15 Aug,Thu 14 Aug,Wed 13 Aug,Tue 12 Aug,Mon 11 Aug,Sun 10 Aug",/cas/4616189817.html,Looking for a handjob - NSA - m4w
"Sat 16 Aug,Fri 15 Aug,Thu 14 Aug,Wed 13 Aug,Tue 12 Aug,Mon 11 Aug,Sun 10 Aug",/cas/4616017859.html,bi guy for sexy fun Couple  - m4mw
"Sat 16 Aug,Fri 15 Aug,Thu 14 Aug,Wed 13 Aug,Tue 12 Aug,Mon 11 Aug,Sun 10 Aug",/cas/4611513246.html,Cum in my mouth - m4m
"Sat 16 Aug,Fri 15 Aug,Thu 14 Aug,Wed 13 Aug,Tue 12 Aug,Mon 11 Aug,Sun 10 Aug",/cas/4615783950.html,need a top or 2 - m4m
"Wed 23 Jul,Tue 22 Jul,Mon 21 Jul,Sun 20 Jul,Sat 19 Jul,Fri 18 Jul,Thu 17 Jul,Wed 16 Jul,Tue 15 Jul,Mon 14 Jul,Sun 13 Jul,Sat 12 Jul",/cas/4577974386.html,cant find a girl to spend time with - m4w
"Wed 23 Jul,Tue 22 Jul,Mon 21 Jul,Sun 20 Jul,Sat 19 Jul,Fri 18 Jul,Thu 17 Jul,Wed 16 Jul,Tue 15 Jul,Mon 14 Jul,Sun 13 Jul,Sat 12 Jul",/cas/4577914064.html,Looking for company - m4m
"Sat 02 Aug,Fri 01 Aug,Thu 31 Jul,Wed 30 Jul,Tue 29 Jul,Mon 28 Jul,Sun 27 Jul,Sat 26 Jul,Fri 25 Jul,Thu 24 Jul,Wed 23 Jul",/cas/4590856927.html,BBD - m4m
"Sat 02 Aug,Fri 01 Aug,Thu 31 Jul,Wed 30 Jul,Tue 29 Jul,Mon 28 Jul,Sun 27 Jul,Sat 26 Jul,Fri 25 Jul,Thu 24 Jul,Wed 23 Jul",/cas/4590839699.html,Looking for fun - m4w
"Sat 02 Aug,Fri 01 Aug,Thu 31 Jul,Wed 30 Jul,Tue 29 Jul,Mon 28 Jul,Sun 27 Jul,Sat 26 Jul,Fri 25 Jul,Thu 24 Jul,Wed 23 Jul",/cas/4590816242.html,Any bi women? - w4w
"Sat 02 Aug,Fri 01 Aug,Thu 31 Jul,Wed 30 Jul,Tue 29 Jul,Mon 28 Jul,Sun 27 Jul,Sat 26 Jul,Fri 25 Jul,Thu 24 Jul,Wed 23 Jul",/cas/4590734369.html,Regular guy moved: Thick dick for other - m4m
"Sat 02 Aug,Fri 01 Aug,Thu 31 Jul,Wed 30 Jul,Tue 29 Jul,Mon 28 Jul,Sun 27 Jul,Sat 26 Jul,Fri 25 Jul,Thu 24 Jul,Wed 23 Jul",/cas/4590596442.html,Suck and rim - m4m
"Sat 12 Jul,Fri 11 Jul,Thu 10 Jul,Wed 09 Jul,Tue 08 Jul,Mon 07 Jul,Sun 06 Jul,Sat 05 Jul",/cas/4559882496.html,I deep throat - m4m
"Sat 12 Jul,Fri 11 Jul,Thu 10 Jul,Wed 09 Jul,Tue 08 Jul,Mon 07 Jul,Sun 06 Jul,Sat 05 Jul",/cas/4559877560.html,Need to get fucked - m4m
"Sat 12 Jul,Fri 11 Jul,Thu 10 Jul,Wed 09 Jul,Tue 08 Jul,Mon 07 Jul,Sun 06 Jul,Sat 05 Jul",/cas/4559800928.html,suck an go - m4m
"Sat 12 Jul,Fri 11 Jul,Thu 10 Jul,Wed 09 Jul,Tue 08 Jul,Mon 07 Jul,Sun 06 Jul,Sat 05 Jul",/cas/4559737371.html,Young Pussy Needs Attention - w4m
"Sat 12 Jul,Fri 11 Jul,Thu 10 Jul,Wed 09 Jul,Tue 08 Jul,Mon 07 Jul,Sun 06 Jul,Sat 05 Jul",/cas/4559679739.html,I can Eat ya all nite - m4w
"Sat 12 Jul,Fri 11 Jul,Thu 10 Jul,Wed 09 Jul,Tue 08 Jul,Mon 07 Jul,Sun 06 Jul,Sat 05 Jul",/cas/4559534886.html,Sucking cock with my mask on!  - m4m
"Sat 12 Jul,Fri 11 Jul,Thu 10 Jul,Wed 09 Jul,Tue 08 Jul,Mon 07 Jul,Sun 06 Jul,Sat 05 Jul",/cas/4520214223.html,ugly a little big it dont matter - m4w
"Sat 12 Jul,Fri 11 Jul,Thu 10 Jul,Wed 09 Jul,Tue 08 Jul,Mon 07 Jul,Sun 06 Jul,Sat 05 Jul",/cas/4559266356.html,Can host  - m4m
"Sat 12 Jul,Fri 11 Jul,Thu 10 Jul,Wed 09 Jul,Tue 08 Jul,Mon 07 Jul,Sun 06 Jul,Sat 05 Jul",/cas/4541491270.html,Cumming to Dillingham?  I host  - m4m
"Sun 10 Aug,Sat 09 Aug,Fri 08 Aug,Thu 07 Aug,Wed 06 Aug,Tue 05 Aug,Mon 04 Aug,Sun 03 Aug,Sat 02 Aug",/cas/4594193945.html,"pic collector here, send me a few? - m4w"
"Sun 10 Aug,Sat 09 Aug,Fri 08 Aug,Thu 07 Aug,Wed 06 Aug,Tue 05 Aug,Mon 04 Aug,Sun 03 Aug,Sat 02 Aug",/cas/4607214410.html,Not for the weak minded - w4m
"Sun 10 Aug,Sat 09 Aug,Fri 08 Aug,Thu 07 Aug,Wed 06 Aug,Tue 05 Aug,Mon 04 Aug,Sun 03 Aug,Sat 02 Aug",/cas/4607106631.html,Discretion is a must - m4w
"Sat 16 Aug,Fri 15 Aug,Thu 14 Aug,Wed 13 Aug,Tue 12 Aug,Mon 11 Aug,Sun 10 Aug",/cas/4615750346.html,I need a top - m4m
"Sat 16 Aug,Fri 15 Aug,Thu 14 Aug,Wed 13 Aug,Tue 12 Aug,Mon 11 Aug,Sun 10 Aug",/cas/4615746892.html,anyone - m4m
"Sat 16 Aug,Fri 15 Aug,Thu 14 Aug,Wed 13 Aug,Tue 12 Aug,Mon 11 Aug,Sun 10 Aug",/cas/4615667927.html,Strictly NSA - m4w
"Wed 23 Jul,Tue 22 Jul,Mon 21 Jul,Sun 20 Jul,Sat 19 Jul,Fri 18 Jul,Thu 17 Jul,Wed 16 Jul,Tue 15 Jul,Mon 14 Jul,Sun 13 Jul,Sat 12 Jul",/cas/4577777377.html,Let me cum on you - m4w
"Wed 23 Jul,Tue 22 Jul,Mon 21 Jul,Sun 20 Jul,Sat 19 Jul,Fri 18 Jul,Thu 17 Jul,Wed 16 Jul,Tue 15 Jul,Mon 14 Jul,Sun 13 Jul,Sat 12 Jul",/cas/4577755477.html,I wanna get fucked - m4m
"Wed 23 Jul,Tue 22 Jul,Mon 21 Jul,Sun 20 Jul,Sat 19 Jul,Fri 18 Jul,Thu 17 Jul,Wed 16 Jul,Tue 15 Jul,Mon 14 Jul,Sun 13 Jul,Sat 12 Jul",/cas/4577174641.html,No strings oral.  Best! - m4w
"Wed 23 Jul,Tue 22 Jul,Mon 21 Jul,Sun 20 Jul,Sat 19 Jul,Fri 18 Jul,Thu 17 Jul,Wed 16 Jul,Tue 15 Jul,Mon 14 Jul,Sun 13 Jul,Sat 12 Jul",/cas/4577239707.html,Fun with a younger guy - m4m
"Sat 02 Aug,Fri 01 Aug,Thu 31 Jul,Wed 30 Jul,Tue 29 Jul,Mon 28 Jul,Sun 27 Jul,Sat 26 Jul,Fri 25 Jul,Thu 24 Jul,Wed 23 Jul",/cas/4550513706.html,m4w in ketchikan for summer - m4w
"Sat 02 Aug,Fri 01 Aug,Thu 31 Jul,Wed 30 Jul,Tue 29 Jul,Mon 28 Jul,Sun 27 Jul,Sat 26 Jul,Fri 25 Jul,Thu 24 Jul,Wed 23 Jul",/cas/4566724171.html,want to watch mm or mf - m4m
"Sat 02 Aug,Fri 01 Aug,Thu 31 Jul,Wed 30 Jul,Tue 29 Jul,Mon 28 Jul,Sun 27 Jul,Sat 26 Jul,Fri 25 Jul,Thu 24 Jul,Wed 23 Jul",/cas/4589459233.html,Let's have fun ;)  - m4w
"Sat 02 Aug,Fri 01 Aug,Thu 31 Jul,Wed 30 Jul,Tue 29 Jul,Mon 28 Jul,Sun 27 Jul,Sat 26 Jul,Fri 25 Jul,Thu 24 Jul,Wed 23 Jul",/cas/4589459996.html,Let's play  - m4m
"Sat 02 Aug,Fri 01 Aug,Thu 31 Jul,Wed 30 Jul,Tue 29 Jul,Mon 28 Jul,Sun 27 Jul,Sat 26 Jul,Fri 25 Jul,Thu 24 Jul,Wed 23 Jul",/cas/4589459492.html,Looking for fun - m4m
"Sat 12 Jul,Fri 11 Jul,Thu 10 Jul,Wed 09 Jul,Tue 08 Jul,Mon 07 Jul,Sun 06 Jul,Sat 05 Jul",/cas/4559152662.html,Wanna have fun  - m4w
"Sat 12 Jul,Fri 11 Jul,Thu 10 Jul,Wed 09 Jul,Tue 08 Jul,Mon 07 Jul,Sun 06 Jul,Sat 05 Jul",/cas/4525843588.html,Anonymous BJ - m4m
"Sat 12 Jul,Fri 11 Jul,Thu 10 Jul,Wed 09 Jul,Tue 08 Jul,Mon 07 Jul,Sun 06 Jul,Sat 05 Jul",/cas/4558602348.html,ketchican july 8 - m4w
"Sat 12 Jul,Fri 11 Jul,Thu 10 Jul,Wed 09 Jul,Tue 08 Jul,Mon 07 Jul,Sun 06 Jul,Sat 05 Jul",/cas/4558091197.html,younger bottom for hung older - m4m
"Sun 10 Aug,Sat 09 Aug,Fri 08 Aug,Thu 07 Aug,Wed 06 Aug,Tue 05 Aug,Mon 04 Aug,Sun 03 Aug,Sat 02 Aug",/cas/4561636777.html,Discreet meet up - m4m
"Sun 10 Aug,Sat 09 Aug,Fri 08 Aug,Thu 07 Aug,Wed 06 Aug,Tue 05 Aug,Mon 04 Aug,Sun 03 Aug,Sat 02 Aug",/cas/4569451944.html,Juneau guy - m4m
"Sun 10 Aug,Sat 09 Aug,Fri 08 Aug,Thu 07 Aug,Wed 06 Aug,Tue 05 Aug,Mon 04 Aug,Sun 03 Aug,Sat 02 Aug",/cas/4607047682.html,Hanging in Skagway - m4w
"Sun 10 Aug,Sat 09 Aug,Fri 08 Aug,Thu 07 Aug,Wed 06 Aug,Tue 05 Aug,Mon 04 Aug,Sun 03 Aug,Sat 02 Aug",/cas/4606964609.html,Looking for an affair. - m4w
"Sun 10 Aug,Sat 09 Aug,Fri 08 Aug,Thu 07 Aug,Wed 06 Aug,Tue 05 Aug,Mon 04 Aug,Sun 03 Aug,Sat 02 Aug",/cas/4606855656.html,Seeking NSA Hookup - m4w
"Sun 10 Aug,Sat 09 Aug,Fri 08 Aug,Thu 07 Aug,Wed 06 Aug,Tue 05 Aug,Mon 04 Aug,Sun 03 Aug,Sat 02 Aug",/cas/4606468844.html,Bored BBW - w4m
"Sun 10 Aug,Sat 09 Aug,Fri 08 Aug,Thu 07 Aug,Wed 06 Aug,Tue 05 Aug,Mon 04 Aug,Sun 03 Aug,Sat 02 Aug",/cas/4606460511.html,Cuckquean dreams - m4w
"Sat 16 Aug,Fri 15 Aug,Thu 14 Aug,Wed 13 Aug,Tue 12 Aug,Mon 11 Aug,Sun 10 Aug",/cas/4615507553.html,Kitty Licker for YOU Today - m4w
"Sat 16 Aug,Fri 15 Aug,Thu 14 Aug,Wed 13 Aug,Tue 12 Aug,Mon 11 Aug,Sun 10 Aug",/cas/4615588503.html,Hot Oral Servicing 4 Cute BBW - m4w
"Sat 16 Aug,Fri 15 Aug,Thu 14 Aug,Wed 13 Aug,Tue 12 Aug,Mon 11 Aug,Sun 10 Aug",/cas/4615099785.html,Bi bbw  - w4mw
"Sat 16 Aug,Fri 15 Aug,Thu 14 Aug,Wed 13 Aug,Tue 12 Aug,Mon 11 Aug,Sun 10 Aug",/cas/4615020797.html,You sucked my dick at the gym - m4m
"Sat 16 Aug,Fri 15 Aug,Thu 14 Aug,Wed 13 Aug,Tue 12 Aug,Mon 11 Aug,Sun 10 Aug",/cas/4614859403.html,18 years old looking for a woman. - m4w
"Sat 16 Aug,Fri 15 Aug,Thu 14 Aug,Wed 13 Aug,Tue 12 Aug,Mon 11 Aug,Sun 10 Aug",/cas/4614593249.html,nsa hotel fun - m4m
"Wed 23 Jul,Tue 22 Jul,Mon 21 Jul,Sun 20 Jul,Sat 19 Jul,Fri 18 Jul,Thu 17 Jul,Wed 16 Jul,Tue 15 Jul,Mon 14 Jul,Sun 13 Jul,Sat 12 Jul",/cas/4576932985.html,48 and 50 looking for a 3 some - mw4w
"Wed 23 Jul,Tue 22 Jul,Mon 21 Jul,Sun 20 Jul,Sat 19 Jul,Fri 18 Jul,Thu 17 Jul,Wed 16 Jul,Tue 15 Jul,Mon 14 Jul,Sun 13 Jul,Sat 12 Jul",/cas/4566717209.html,black guys 18- 30 - m4m
"Wed 23 Jul,Tue 22 Jul,Mon 21 Jul,Sun 20 Jul,Sat 19 Jul,Fri 18 Jul,Thu 17 Jul,Wed 16 Jul,Tue 15 Jul,Mon 14 Jul,Sun 13 Jul,Sat 12 Jul",/cas/4576706952.html,juneau lady that needs to be touched - m4w
"Wed 23 Jul,Tue 22 Jul,Mon 21 Jul,Sun 20 Jul,Sat 19 Jul,Fri 18 Jul,Thu 17 Jul,Wed 16 Jul,Tue 15 Jul,Mon 14 Jul,Sun 13 Jul,Sat 12 Jul",/cas/4576225902.html,Fun time? - w4m
"Sat 02 Aug,Fri 01 Aug,Thu 31 Jul,Wed 30 Jul,Tue 29 Jul,Mon 28 Jul,Sun 27 Jul,Sat 26 Jul,Fri 25 Jul,Thu 24 Jul,Wed 23 Jul",/cas/4589436382.html,Twink Bitch - m4m
"Sat 02 Aug,Fri 01 Aug,Thu 31 Jul,Wed 30 Jul,Tue 29 Jul,Mon 28 Jul,Sun 27 Jul,Sat 26 Jul,Fri 25 Jul,Thu 24 Jul,Wed 23 Jul",/cas/4589381785.html,Rape fantasy - w4m
"Sat 02 Aug,Fri 01 Aug,Thu 31 Jul,Wed 30 Jul,Tue 29 Jul,Mon 28 Jul,Sun 27 Jul,Sat 26 Jul,Fri 25 Jul,Thu 24 Jul,Wed 23 Jul",/cas/4582816225.html,Looking for a macho top - m4m
"Sat 02 Aug,Fri 01 Aug,Thu 31 Jul,Wed 30 Jul,Tue 29 Jul,Mon 28 Jul,Sun 27 Jul,Sat 26 Jul,Fri 25 Jul,Thu 24 Jul,Wed 23 Jul",/cas/4589284414.html,looking for right now - m4mw
"Sat 02 Aug,Fri 01 Aug,Thu 31 Jul,Wed 30 Jul,Tue 29 Jul,Mon 28 Jul,Sun 27 Jul,Sat 26 Jul,Fri 25 Jul,Thu 24 Jul,Wed 23 Jul",/cas/4589280742.html,Young Man looking for a FWB - m4w
"Sat 02 Aug,Fri 01 Aug,Thu 31 Jul,Wed 30 Jul,Tue 29 Jul,Mon 28 Jul,Sun 27 Jul,Sat 26 Jul,Fri 25 Jul,Thu 24 Jul,Wed 23 Jul",/cas/4589141661.html,tight ass craving cock - m4m
"Sat 02 Aug,Fri 01 Aug,Thu 31 Jul,Wed 30 Jul,Tue 29 Jul,Mon 28 Jul,Sun 27 Jul,Sat 26 Jul,Fri 25 Jul,Thu 24 Jul,Wed 23 Jul",/cas/4588954717.html,FWB! - m4w
"Sat 02 Aug,Fri 01 Aug,Thu 31 Jul,Wed 30 Jul,Tue 29 Jul,Mon 28 Jul,Sun 27 Jul,Sat 26 Jul,Fri 25 Jul,Thu 24 Jul,Wed 23 Jul",/cas/4588547011.html,need a place to play?? - m4m
"Sat 02 Aug,Fri 01 Aug,Thu 31 Jul,Wed 30 Jul,Tue 29 Jul,Mon 28 Jul,Sun 27 Jul,Sat 26 Jul,Fri 25 Jul,Thu 24 Jul,Wed 23 Jul",/cas/4578151779.html,Natives and Asians 19-30 - m4m
"Sat 02 Aug,Fri 01 Aug,Thu 31 Jul,Wed 30 Jul,Tue 29 Jul,Mon 28 Jul,Sun 27 Jul,Sat 26 Jul,Fri 25 Jul,Thu 24 Jul,Wed 23 Jul",/cas/4587976182.html,any one still up? - m4mw
"Sat 02 Aug,Fri 01 Aug,Thu 31 Jul,Wed 30 Jul,Tue 29 Jul,Mon 28 Jul,Sun 27 Jul,Sat 26 Jul,Fri 25 Jul,Thu 24 Jul,Wed 23 Jul",/cas/4587973870.html,Son needs Dad with 7+ cock - m4m
"Sat 12 Jul,Fri 11 Jul,Thu 10 Jul,Wed 09 Jul,Tue 08 Jul,Mon 07 Jul,Sun 06 Jul,Sat 05 Jul",/cas/4557987245.html,Ready to Rock? - m4mw
"Sat 12 Jul,Fri 11 Jul,Thu 10 Jul,Wed 09 Jul,Tue 08 Jul,Mon 07 Jul,Sun 06 Jul,Sat 05 Jul",/cas/4540181984.html,Discreet Sexual Relationship - m4w
"Sat 12 Jul,Fri 11 Jul,Thu 10 Jul,Wed 09 Jul,Tue 08 Jul,Mon 07 Jul,Sun 06 Jul,Sat 05 Jul",/cas/4527212297.html,Random/NSA  - m4m
"Sat 12 Jul,Fri 11 Jul,Thu 10 Jul,Wed 09 Jul,Tue 08 Jul,Mon 07 Jul,Sun 06 Jul,Sat 05 Jul",/cas/4557616272.html,looking to suck you off  - m4m
"Sun 10 Aug,Sat 09 Aug,Fri 08 Aug,Thu 07 Aug,Wed 06 Aug,Tue 05 Aug,Mon 04 Aug,Sun 03 Aug,Sat 02 Aug",/cas/4606358415.html,NSA/BJ - m4w
"Sun 10 Aug,Sat 09 Aug,Fri 08 Aug,Thu 07 Aug,Wed 06 Aug,Tue 05 Aug,Mon 04 Aug,Sun 03 Aug,Sat 02 Aug",/cas/4605472681.html,Cali boy  - m4w
"Sun 10 Aug,Sat 09 Aug,Fri 08 Aug,Thu 07 Aug,Wed 06 Aug,Tue 05 Aug,Mon 04 Aug,Sun 03 Aug,Sat 02 Aug",/cas/4605438698.html,Casually click here.  - m4w
"Sun 10 Aug,Sat 09 Aug,Fri 08 Aug,Thu 07 Aug,Wed 06 Aug,Tue 05 Aug,Mon 04 Aug,Sun 03 Aug,Sat 02 Aug",/cas/4605410462.html,Tonight and tomorrow only - m4m
"Sun 10 Aug,Sat 09 Aug,Fri 08 Aug,Thu 07 Aug,Wed 06 Aug,Tue 05 Aug,Mon 04 Aug,Sun 03 Aug,Sat 02 Aug",/cas/4605284349.html,Ketchikan - m4w
"Sun 10 Aug,Sat 09 Aug,Fri 08 Aug,Thu 07 Aug,Wed 06 Aug,Tue 05 Aug,Mon 04 Aug,Sun 03 Aug,Sat 02 Aug",/cas/4605277349.html,Seasonal NSA - m4w
"Sun 10 Aug,Sat 09 Aug,Fri 08 Aug,Thu 07 Aug,Wed 06 Aug,Tue 05 Aug,Mon 04 Aug,Sun 03 Aug,Sat 02 Aug",/cas/4605196281.html,No strings attached oral for you. - m4w
"Sat 16 Aug,Fri 15 Aug,Thu 14 Aug,Wed 13 Aug,Tue 12 Aug,Mon 11 Aug,Sun 10 Aug",/cas/4614605721.html,Hungry 4 cock - m4m
"Sat 16 Aug,Fri 15 Aug,Thu 14 Aug,Wed 13 Aug,Tue 12 Aug,Mon 11 Aug,Sun 10 Aug",/cas/4614261979.html,m4w/m4m - m4w
"Sat 16 Aug,Fri 15 Aug,Thu 14 Aug,Wed 13 Aug,Tue 12 Aug,Mon 11 Aug,Sun 10 Aug",/cas/4614059846.html,Lunch fun - m4w
"Sat 16 Aug,Fri 15 Aug,Thu 14 Aug,Wed 13 Aug,Tue 12 Aug,Mon 11 Aug,Sun 10 Aug",/cas/4613682131.html,Hosting fun - m4m
"Sat 16 Aug,Fri 15 Aug,Thu 14 Aug,Wed 13 Aug,Tue 12 Aug,Mon 11 Aug,Sun 10 Aug",/cas/4566405395.html,Are you submissive - m4w
"Sat 16 Aug,Fri 15 Aug,Thu 14 Aug,Wed 13 Aug,Tue 12 Aug,Mon 11 Aug,Sun 10 Aug",/cas/4613330111.html,Visitor - m4m
"Wed 23 Jul,Tue 22 Jul,Mon 21 Jul,Sun 20 Jul,Sat 19 Jul,Fri 18 Jul,Thu 17 Jul,Wed 16 Jul,Tue 15 Jul,Mon 14 Jul,Sun 13 Jul,Sat 12 Jul",/cas/4576180675.html,Looking for a visitor - mw4m
"Wed 23 Jul,Tue 22 Jul,Mon 21 Jul,Sun 20 Jul,Sat 19 Jul,Fri 18 Jul,Thu 17 Jul,Wed 16 Jul,Tue 15 Jul,Mon 14 Jul,Sun 13 Jul,Sat 12 Jul",/cas/4576174224.html,Just Looking For Some Fun(with a Top) - m4m
"Wed 23 Jul,Tue 22 Jul,Mon 21 Jul,Sun 20 Jul,Sat 19 Jul,Fri 18 Jul,Thu 17 Jul,Wed 16 Jul,Tue 15 Jul,Mon 14 Jul,Sun 13 Jul,Sat 12 Jul",/cas/4576129659.html,What's up with sitka? - m4w
"Wed 23 Jul,Tue 22 Jul,Mon 21 Jul,Sun 20 Jul,Sat 19 Jul,Fri 18 Jul,Thu 17 Jul,Wed 16 Jul,Tue 15 Jul,Mon 14 Jul,Sun 13 Jul,Sat 12 Jul",/cas/4576140413.html,Use my holes - m4m
"Sat 02 Aug,Fri 01 Aug,Thu 31 Jul,Wed 30 Jul,Tue 29 Jul,Mon 28 Jul,Sun 27 Jul,Sat 26 Jul,Fri 25 Jul,Thu 24 Jul,Wed 23 Jul",/cas/4587944665.html,Let's have some fun!!! - m4w
"Sat 02 Aug,Fri 01 Aug,Thu 31 Jul,Wed 30 Jul,Tue 29 Jul,Mon 28 Jul,Sun 27 Jul,Sat 26 Jul,Fri 25 Jul,Thu 24 Jul,Wed 23 Jul",/cas/4587348178.html,boots and rubbers this weekend? - m4w
"Sat 02 Aug,Fri 01 Aug,Thu 31 Jul,Wed 30 Jul,Tue 29 Jul,Mon 28 Jul,Sun 27 Jul,Sat 26 Jul,Fri 25 Jul,Thu 24 Jul,Wed 23 Jul",/cas/4556146081.html,fun fit bi looking for playmates :-D - m4mw
"Sat 02 Aug,Fri 01 Aug,Thu 31 Jul,Wed 30 Jul,Tue 29 Jul,Mon 28 Jul,Sun 27 Jul,Sat 26 Jul,Fri 25 Jul,Thu 24 Jul,Wed 23 Jul",/cas/4587049036.html,summer is almost over! - w4m
"Sat 02 Aug,Fri 01 Aug,Thu 31 Jul,Wed 30 Jul,Tue 29 Jul,Mon 28 Jul,Sun 27 Jul,Sat 26 Jul,Fri 25 Jul,Thu 24 Jul,Wed 23 Jul",/cas/4586613735.html,Seeking sexy CD - m4t
"Sat 02 Aug,Fri 01 Aug,Thu 31 Jul,Wed 30 Jul,Tue 29 Jul,Mon 28 Jul,Sun 27 Jul,Sat 26 Jul,Fri 25 Jul,Thu 24 Jul,Wed 23 Jul",/cas/4586374345.html,Bored and looking fun  - m4w
"Sat 12 Jul,Fri 11 Jul,Thu 10 Jul,Wed 09 Jul,Tue 08 Jul,Mon 07 Jul,Sun 06 Jul,Sat 05 Jul",/cas/4525788947.html,Horny visitor - m4m
"Sat 12 Jul,Fri 11 Jul,Thu 10 Jul,Wed 09 Jul,Tue 08 Jul,Mon 07 Jul,Sun 06 Jul,Sat 05 Jul",/cas/4551822163.html,Why be alone? - m4w
"Sat 12 Jul,Fri 11 Jul,Thu 10 Jul,Wed 09 Jul,Tue 08 Jul,Mon 07 Jul,Sun 06 Jul,Sat 05 Jul",/cas/4518822957.html,Sub bottom - m4m
"Sat 12 Jul,Fri 11 Jul,Thu 10 Jul,Wed 09 Jul,Tue 08 Jul,Mon 07 Jul,Sun 06 Jul,Sat 05 Jul",/cas/4539521415.html,Couple seeking playmate - mw4w
"Sat 12 Jul,Fri 11 Jul,Thu 10 Jul,Wed 09 Jul,Tue 08 Jul,Mon 07 Jul,Sun 06 Jul,Sat 05 Jul",/cas/4556842514.html,looking for some rough fun - m4w
"Sun 10 Aug,Sat 09 Aug,Fri 08 Aug,Thu 07 Aug,Wed 06 Aug,Tue 05 Aug,Mon 04 Aug,Sun 03 Aug,Sat 02 Aug",/cas/4605129357.html,Need Sex Now - m4w
"Sun 10 Aug,Sat 09 Aug,Fri 08 Aug,Thu 07 Aug,Wed 06 Aug,Tue 05 Aug,Mon 04 Aug,Sun 03 Aug,Sat 02 Aug",/cas/4604896686.html,Married Guy Giving Head! - m4m
"Sun 10 Aug,Sat 09 Aug,Fri 08 Aug,Thu 07 Aug,Wed 06 Aug,Tue 05 Aug,Mon 04 Aug,Sun 03 Aug,Sat 02 Aug",/cas/4604848429.html,hard cock anyone - m4w
"Sun 10 Aug,Sat 09 Aug,Fri 08 Aug,Thu 07 Aug,Wed 06 Aug,Tue 05 Aug,Mon 04 Aug,Sun 03 Aug,Sat 02 Aug",/cas/4604523863.html,Airport Hotel - Wednesday and Thursday Night - m4m
"Sun 10 Aug,Sat 09 Aug,Fri 08 Aug,Thu 07 Aug,Wed 06 Aug,Tue 05 Aug,Mon 04 Aug,Sun 03 Aug,Sat 02 Aug",/cas/4604292274.html,Horny? - m4m
"Sat 16 Aug,Fri 15 Aug,Thu 14 Aug,Wed 13 Aug,Tue 12 Aug,Mon 11 Aug,Sun 10 Aug",/cas/4613329306.html,After work fun - m4m
"Sat 16 Aug,Fri 15 Aug,Thu 14 Aug,Wed 13 Aug,Tue 12 Aug,Mon 11 Aug,Sun 10 Aug",/cas/4613326055.html,tall bottom need to get banged hard - m4mw
"Sat 16 Aug,Fri 15 Aug,Thu 14 Aug,Wed 13 Aug,Tue 12 Aug,Mon 11 Aug,Sun 10 Aug",/cas/4613290957.html,Looking for a sitka wife to have fun with - m4w
"Sat 16 Aug,Fri 15 Aug,Thu 14 Aug,Wed 13 Aug,Tue 12 Aug,Mon 11 Aug,Sun 10 Aug",/cas/4613289938.html,Looking for a cougar - m4w
"Wed 23 Jul,Tue 22 Jul,Mon 21 Jul,Sun 20 Jul,Sat 19 Jul,Fri 18 Jul,Thu 17 Jul,Wed 16 Jul,Tue 15 Jul,Mon 14 Jul,Sun 13 Jul,Sat 12 Jul",/cas/4576026335.html,I'm horny - m4w
"Wed 23 Jul,Tue 22 Jul,Mon 21 Jul,Sun 20 Jul,Sat 19 Jul,Fri 18 Jul,Thu 17 Jul,Wed 16 Jul,Tue 15 Jul,Mon 14 Jul,Sun 13 Jul,Sat 12 Jul",/cas/4566442942.html,Fishing Hiking Blowjob Buddies - m4m
"Wed 23 Jul,Tue 22 Jul,Mon 21 Jul,Sun 20 Jul,Sat 19 Jul,Fri 18 Jul,Thu 17 Jul,Wed 16 Jul,Tue 15 Jul,Mon 14 Jul,Sun 13 Jul,Sat 12 Jul",/cas/4575877057.html,let me suck you dry - m4m
"Wed 23 Jul,Tue 22 Jul,Mon 21 Jul,Sun 20 Jul,Sat 19 Jul,Fri 18 Jul,Thu 17 Jul,Wed 16 Jul,Tue 15 Jul,Mon 14 Jul,Sun 13 Jul,Sat 12 Jul",/cas/4575367274.html,Just want to fuck - m4m
"Wed 23 Jul,Tue 22 Jul,Mon 21 Jul,Sun 20 Jul,Sat 19 Jul,Fri 18 Jul,Thu 17 Jul,Wed 16 Jul,Tue 15 Jul,Mon 14 Jul,Sun 13 Jul,Sat 12 Jul",/cas/4575388687.html,"Seeking attractive, mature lady - m4w"
"Sat 02 Aug,Fri 01 Aug,Thu 31 Jul,Wed 30 Jul,Tue 29 Jul,Mon 28 Jul,Sun 27 Jul,Sat 26 Jul,Fri 25 Jul,Thu 24 Jul,Wed 23 Jul",/cas/4586367958.html,Cold and wet - w4w
"Sat 02 Aug,Fri 01 Aug,Thu 31 Jul,Wed 30 Jul,Tue 29 Jul,Mon 28 Jul,Sun 27 Jul,Sat 26 Jul,Fri 25 Jul,Thu 24 Jul,Wed 23 Jul",/cas/4586338924.html,Jo bud - m4m
"Sat 12 Jul,Fri 11 Jul,Thu 10 Jul,Wed 09 Jul,Tue 08 Jul,Mon 07 Jul,Sun 06 Jul,Sat 05 Jul",/cas/4556305983.html,In for a ride? - w4m
"Sat 12 Jul,Fri 11 Jul,Thu 10 Jul,Wed 09 Jul,Tue 08 Jul,Mon 07 Jul,Sun 06 Jul,Sat 05 Jul",/cas/4556304873.html,discrete and fun - m4w
"Sat 12 Jul,Fri 11 Jul,Thu 10 Jul,Wed 09 Jul,Tue 08 Jul,Mon 07 Jul,Sun 06 Jul,Sat 05 Jul",/cas/4556218047.html,3+3-5/8+15 - m4m
"Sat 12 Jul,Fri 11 Jul,Thu 10 Jul,Wed 09 Jul,Tue 08 Jul,Mon 07 Jul,Sun 06 Jul,Sat 05 Jul",/cas/4519785032.html,Hot Bellybutton Worship! - m4m
"Sat 12 Jul,Fri 11 Jul,Thu 10 Jul,Wed 09 Jul,Tue 08 Jul,Mon 07 Jul,Sun 06 Jul,Sat 05 Jul",/cas/4556091072.html,looking for casual fwb - m4w
"Sun 10 Aug,Sat 09 Aug,Fri 08 Aug,Thu 07 Aug,Wed 06 Aug,Tue 05 Aug,Mon 04 Aug,Sun 03 Aug,Sat 02 Aug",/cas/4604192405.html,Looking for a good woman - m4w
"Sun 10 Aug,Sat 09 Aug,Fri 08 Aug,Thu 07 Aug,Wed 06 Aug,Tue 05 Aug,Mon 04 Aug,Sun 03 Aug,Sat 02 Aug",/cas/4603936627.html,RE: posters looking for bondage & pain fun last week - m4mw
"Sun 10 Aug,Sat 09 Aug,Fri 08 Aug,Thu 07 Aug,Wed 06 Aug,Tue 05 Aug,Mon 04 Aug,Sun 03 Aug,Sat 02 Aug",/cas/4603835376.html,eat your pussy till you cum - m4w
"Sun 10 Aug,Sat 09 Aug,Fri 08 Aug,Thu 07 Aug,Wed 06 Aug,Tue 05 Aug,Mon 04 Aug,Sun 03 Aug,Sat 02 Aug",/cas/4603810191.html,Local seeks passable cd/ts/tv - m4t
"Sun 10 Aug,Sat 09 Aug,Fri 08 Aug,Thu 07 Aug,Wed 06 Aug,Tue 05 Aug,Mon 04 Aug,Sun 03 Aug,Sat 02 Aug",/cas/4603799861.html,I want - w4m
"Sun 10 Aug,Sat 09 Aug,Fri 08 Aug,Thu 07 Aug,Wed 06 Aug,Tue 05 Aug,Mon 04 Aug,Sun 03 Aug,Sat 02 Aug",/cas/4603772977.html,DT host - m4m
"Sun 10 Aug,Sat 09 Aug,Fri 08 Aug,Thu 07 Aug,Wed 06 Aug,Tue 05 Aug,Mon 04 Aug,Sun 03 Aug,Sat 02 Aug",/cas/4579352461.html,Looking for FWB - m4w
"Sun 10 Aug,Sat 09 Aug,Fri 08 Aug,Thu 07 Aug,Wed 06 Aug,Tue 05 Aug,Mon 04 Aug,Sun 03 Aug,Sat 02 Aug",/cas/4603574795.html,staying in ketchikan - m4m
"Sun 10 Aug,Sat 09 Aug,Fri 08 Aug,Thu 07 Aug,Wed 06 Aug,Tue 05 Aug,Mon 04 Aug,Sun 03 Aug,Sat 02 Aug",/cas/4603556077.html,tight ass craving cock - m4m
"Sun 10 Aug,Sat 09 Aug,Fri 08 Aug,Thu 07 Aug,Wed 06 Aug,Tue 05 Aug,Mon 04 Aug,Sun 03 Aug,Sat 02 Aug",/cas/4603466138.html,Lover wanted  - m4w
"Sun 10 Aug,Sat 09 Aug,Fri 08 Aug,Thu 07 Aug,Wed 06 Aug,Tue 05 Aug,Mon 04 Aug,Sun 03 Aug,Sat 02 Aug",/cas/4603465369.html,Looking for a tight bottom - m4m
"Sat 16 Aug,Fri 15 Aug,Thu 14 Aug,Wed 13 Aug,Tue 12 Aug,Mon 11 Aug,Sun 10 Aug",/cas/4577983274.html,Looking of NSA  - m4w
"Sat 16 Aug,Fri 15 Aug,Thu 14 Aug,Wed 13 Aug,Tue 12 Aug,Mon 11 Aug,Sun 10 Aug",/cas/4613063922.html,btm looking for tonight  - m4m
"Sat 16 Aug,Fri 15 Aug,Thu 14 Aug,Wed 13 Aug,Tue 12 Aug,Mon 11 Aug,Sun 10 Aug",/cas/4613086537.html,Looking - m4m
"Wed 23 Jul,Tue 22 Jul,Mon 21 Jul,Sun 20 Jul,Sat 19 Jul,Fri 18 Jul,Thu 17 Jul,Wed 16 Jul,Tue 15 Jul,Mon 14 Jul,Sun 13 Jul,Sat 12 Jul",/cas/4530035255.html,Looking In Wrangell
"Wed 23 Jul,Tue 22 Jul,Mon 21 Jul,Sun 20 Jul,Sat 19 Jul,Fri 18 Jul,Thu 17 Jul,Wed 16 Jul,Tue 15 Jul,Mon 14 Jul,Sun 13 Jul,Sat 12 Jul",/cas/4574839994.html,I love tgirls and femboys!! - m4m
"Wed 23 Jul,Tue 22 Jul,Mon 21 Jul,Sun 20 Jul,Sat 19 Jul,Fri 18 Jul,Thu 17 Jul,Wed 16 Jul,Tue 15 Jul,Mon 14 Jul,Sun 13 Jul,Sat 12 Jul",/cas/4574833272.html,kinky fun - m4m
"Wed 23 Jul,Tue 22 Jul,Mon 21 Jul,Sun 20 Jul,Sat 19 Jul,Fri 18 Jul,Thu 17 Jul,Wed 16 Jul,Tue 15 Jul,Mon 14 Jul,Sun 13 Jul,Sat 12 Jul",/cas/4574784836.html,big cock ready for you  - m4m
"Sat 02 Aug,Fri 01 Aug,Thu 31 Jul,Wed 30 Jul,Tue 29 Jul,Mon 28 Jul,Sun 27 Jul,Sat 26 Jul,Fri 25 Jul,Thu 24 Jul,Wed 23 Jul",/cas/4586328028.html,Weekender - m4m
"Sat 02 Aug,Fri 01 Aug,Thu 31 Jul,Wed 30 Jul,Tue 29 Jul,Mon 28 Jul,Sun 27 Jul,Sat 26 Jul,Fri 25 Jul,Thu 24 Jul,Wed 23 Jul",/cas/4551813855.html,Bend me over - m4m
"Sat 02 Aug,Fri 01 Aug,Thu 31 Jul,Wed 30 Jul,Tue 29 Jul,Mon 28 Jul,Sun 27 Jul,Sat 26 Jul,Fri 25 Jul,Thu 24 Jul,Wed 23 Jul",/cas/4586273775.html,Tonight at Cape Fox Lodge - m4w
"Sat 02 Aug,Fri 01 Aug,Thu 31 Jul,Wed 30 Jul,Tue 29 Jul,Mon 28 Jul,Sun 27 Jul,Sat 26 Jul,Fri 25 Jul,Thu 24 Jul,Wed 23 Jul",/cas/4586254225.html,They are building a Joes Crabshack in Auke Bay - m4m
"Sat 02 Aug,Fri 01 Aug,Thu 31 Jul,Wed 30 Jul,Tue 29 Jul,Mon 28 Jul,Sun 27 Jul,Sat 26 Jul,Fri 25 Jul,Thu 24 Jul,Wed 23 Jul",/cas/4586255141.html,Sexy fun couple looking for company - mw4w
"Sat 02 Aug,Fri 01 Aug,Thu 31 Jul,Wed 30 Jul,Tue 29 Jul,Mon 28 Jul,Sun 27 Jul,Sat 26 Jul,Fri 25 Jul,Thu 24 Jul,Wed 23 Jul",/cas/4586180866.html,Looking for someone to spend time with and possibly something more - m4w
"Sat 02 Aug,Fri 01 Aug,Thu 31 Jul,Wed 30 Jul,Tue 29 Jul,Mon 28 Jul,Sun 27 Jul,Sat 26 Jul,Fri 25 Jul,Thu 24 Jul,Wed 23 Jul",/cas/4586065043.html,SO HORNY/WANTING TO PLAY TONIGHT! - m4w
"Sat 12 Jul,Fri 11 Jul,Thu 10 Jul,Wed 09 Jul,Tue 08 Jul,Mon 07 Jul,Sun 06 Jul,Sat 05 Jul",/cas/4556006454.html,Looking to experiment - m4mw
"Sat 12 Jul,Fri 11 Jul,Thu 10 Jul,Wed 09 Jul,Tue 08 Jul,Mon 07 Jul,Sun 06 Jul,Sat 05 Jul",/cas/4556030357.html,Looking to have fun ;) - m4m
"Sat 12 Jul,Fri 11 Jul,Thu 10 Jul,Wed 09 Jul,Tue 08 Jul,Mon 07 Jul,Sun 06 Jul,Sat 05 Jul",/cas/4556000657.html,Any Guy's looking to fuck - m4m
"Sat 12 Jul,Fri 11 Jul,Thu 10 Jul,Wed 09 Jul,Tue 08 Jul,Mon 07 Jul,Sun 06 Jul,Sat 05 Jul",/cas/4555801889.html,Looking for white top - m4m
"Sun 10 Aug,Sat 09 Aug,Fri 08 Aug,Thu 07 Aug,Wed 06 Aug,Tue 05 Aug,Mon 04 Aug,Sun 03 Aug,Sat 02 Aug",/cas/4603438017.html,Fun with southern country man - m4w
"Sun 10 Aug,Sat 09 Aug,Fri 08 Aug,Thu 07 Aug,Wed 06 Aug,Tue 05 Aug,Mon 04 Aug,Sun 03 Aug,Sat 02 Aug",/cas/4603133476.html,Vers guy hosting at hotel - m4m
"Sun 10 Aug,Sat 09 Aug,Fri 08 Aug,Thu 07 Aug,Wed 06 Aug,Tue 05 Aug,Mon 04 Aug,Sun 03 Aug,Sat 02 Aug",/cas/4581243252.html,what SERIOUS top wants this tight ass - m4m
"Sun 10 Aug,Sat 09 Aug,Fri 08 Aug,Thu 07 Aug,Wed 06 Aug,Tue 05 Aug,Mon 04 Aug,Sun 03 Aug,Sat 02 Aug",/cas/4602822031.html,After seeing the picture... - m4m
"Sun 10 Aug,Sat 09 Aug,Fri 08 Aug,Thu 07 Aug,Wed 06 Aug,Tue 05 Aug,Mon 04 Aug,Sun 03 Aug,Sat 02 Aug",/cas/4602512984.html,Email/sexting buddy? - m4w
"Sun 10 Aug,Sat 09 Aug,Fri 08 Aug,Thu 07 Aug,Wed 06 Aug,Tue 05 Aug,Mon 04 Aug,Sun 03 Aug,Sat 02 Aug",/cas/4602076280.html,One week in Juneau - m4w
"Sun 10 Aug,Sat 09 Aug,Fri 08 Aug,Thu 07 Aug,Wed 06 Aug,Tue 05 Aug,Mon 04 Aug,Sun 03 Aug,Sat 02 Aug",/cas/4602080660.html,Late Nights - m4w
"Sun 10 Aug,Sat 09 Aug,Fri 08 Aug,Thu 07 Aug,Wed 06 Aug,Tue 05 Aug,Mon 04 Aug,Sun 03 Aug,Sat 02 Aug",/cas/4602041348.html,She can watch - w4mw
"Sat 16 Aug,Fri 15 Aug,Thu 14 Aug,Wed 13 Aug,Tue 12 Aug,Mon 11 Aug,Sun 10 Aug",/cas/4613080650.html,Horny - m4m
"Sat 16 Aug,Fri 15 Aug,Thu 14 Aug,Wed 13 Aug,Tue 12 Aug,Mon 11 Aug,Sun 10 Aug",/cas/4612999840.html,rainy pregnant fun - m4w
"Sat 16 Aug,Fri 15 Aug,Thu 14 Aug,Wed 13 Aug,Tue 12 Aug,Mon 11 Aug,Sun 10 Aug",/cas/4612675419.html,Any real women on Juneau CL - m4w
"Sat 16 Aug,Fri 15 Aug,Thu 14 Aug,Wed 13 Aug,Tue 12 Aug,Mon 11 Aug,Sun 10 Aug",/cas/4612699173.html,Bottom Needs BBC or Hung - m4m
"Wed 23 Jul,Tue 22 Jul,Mon 21 Jul,Sun 20 Jul,Sat 19 Jul,Fri 18 Jul,Thu 17 Jul,Wed 16 Jul,Tue 15 Jul,Mon 14 Jul,Sun 13 Jul,Sat 12 Jul",/cas/4574701114.html,looking for nice discreet cock for threesome - mw4m
"Wed 23 Jul,Tue 22 Jul,Mon 21 Jul,Sun 20 Jul,Sat 19 Jul,Fri 18 Jul,Thu 17 Jul,Wed 16 Jul,Tue 15 Jul,Mon 14 Jul,Sun 13 Jul,Sat 12 Jul",/cas/4574670805.html,Bottom looking for fun. - m4m
"Wed 23 Jul,Tue 22 Jul,Mon 21 Jul,Sun 20 Jul,Sat 19 Jul,Fri 18 Jul,Thu 17 Jul,Wed 16 Jul,Tue 15 Jul,Mon 14 Jul,Sun 13 Jul,Sat 12 Jul",/cas/4574241972.html,hosting..looking for a good dick to suck - t4m
"Sat 02 Aug,Fri 01 Aug,Thu 31 Jul,Wed 30 Jul,Tue 29 Jul,Mon 28 Jul,Sun 27 Jul,Sat 26 Jul,Fri 25 Jul,Thu 24 Jul,Wed 23 Jul",/cas/4585793561.html,Anyone way to play - m4m
"Sat 02 Aug,Fri 01 Aug,Thu 31 Jul,Wed 30 Jul,Tue 29 Jul,Mon 28 Jul,Sun 27 Jul,Sat 26 Jul,Fri 25 Jul,Thu 24 Jul,Wed 23 Jul",/cas/4585402835.html,Want my dick wet - m4m
"Sat 02 Aug,Fri 01 Aug,Thu 31 Jul,Wed 30 Jul,Tue 29 Jul,Mon 28 Jul,Sun 27 Jul,Sat 26 Jul,Fri 25 Jul,Thu 24 Jul,Wed 23 Jul",/cas/4585328794.html,Looking for - m4w
"Sat 02 Aug,Fri 01 Aug,Thu 31 Jul,Wed 30 Jul,Tue 29 Jul,Mon 28 Jul,Sun 27 Jul,Sat 26 Jul,Fri 25 Jul,Thu 24 Jul,Wed 23 Jul",/cas/4584707228.html,Fuck me raw  - m4m
"Sat 02 Aug,Fri 01 Aug,Thu 31 Jul,Wed 30 Jul,Tue 29 Jul,Mon 28 Jul,Sun 27 Jul,Sat 26 Jul,Fri 25 Jul,Thu 24 Jul,Wed 23 Jul",/cas/4574583888.html,looking to play with a shemale or cd - m4t
"Sat 12 Jul,Fri 11 Jul,Thu 10 Jul,Wed 09 Jul,Tue 08 Jul,Mon 07 Jul,Sun 06 Jul,Sat 05 Jul",/cas/4555621356.html,Soccer Mom Who Wants to Score!!! - m4w
"Sat 12 Jul,Fri 11 Jul,Thu 10 Jul,Wed 09 Jul,Tue 08 Jul,Mon 07 Jul,Sun 06 Jul,Sat 05 Jul",/cas/4509608075.html,LOOKING FOR ASIANS OR NATIVES 19-25 - m4m
"Sat 12 Jul,Fri 11 Jul,Thu 10 Jul,Wed 09 Jul,Tue 08 Jul,Mon 07 Jul,Sun 06 Jul,Sat 05 Jul",/cas/4509526144.html,cocksucker & bottom here - m4m
"Sat 12 Jul,Fri 11 Jul,Thu 10 Jul,Wed 09 Jul,Tue 08 Jul,Mon 07 Jul,Sun 06 Jul,Sat 05 Jul",/cas/4555233691.html,Oral Expert in town today - m4m
"Sat 12 Jul,Fri 11 Jul,Thu 10 Jul,Wed 09 Jul,Tue 08 Jul,Mon 07 Jul,Sun 06 Jul,Sat 05 Jul",/cas/4555223198.html,Horn this Sunday Morning - m4m
"Sat 12 Jul,Fri 11 Jul,Thu 10 Jul,Wed 09 Jul,Tue 08 Jul,Mon 07 Jul,Sun 06 Jul,Sat 05 Jul",/cas/4555129555.html,Anyone need to cum? - m4m
"Sat 12 Jul,Fri 11 Jul,Thu 10 Jul,Wed 09 Jul,Tue 08 Jul,Mon 07 Jul,Sun 06 Jul,Sat 05 Jul",/cas/4518021241.html,I'll suck ur cock - m4m
"Sat 12 Jul,Fri 11 Jul,Thu 10 Jul,Wed 09 Jul,Tue 08 Jul,Mon 07 Jul,Sun 06 Jul,Sat 05 Jul",/cas/4554863844.html,available - m4m
"Sat 12 Jul,Fri 11 Jul,Thu 10 Jul,Wed 09 Jul,Tue 08 Jul,Mon 07 Jul,Sun 06 Jul,Sat 05 Jul",/cas/4554772378.html,looking for 2+ tops - m4mm
"Sun 10 Aug,Sat 09 Aug,Fri 08 Aug,Thu 07 Aug,Wed 06 Aug,Tue 05 Aug,Mon 04 Aug,Sun 03 Aug,Sat 02 Aug",/cas/4602050598.html,DL oral!? - m4m
"Sun 10 Aug,Sat 09 Aug,Fri 08 Aug,Thu 07 Aug,Wed 06 Aug,Tue 05 Aug,Mon 04 Aug,Sun 03 Aug,Sat 02 Aug",/cas/4602044626.html,Quick Blow - m4m
"Sun 10 Aug,Sat 09 Aug,Fri 08 Aug,Thu 07 Aug,Wed 06 Aug,Tue 05 Aug,Mon 04 Aug,Sun 03 Aug,Sat 02 Aug",/cas/4570352103.html,sitka sex?? - m4w
"Sun 10 Aug,Sat 09 Aug,Fri 08 Aug,Thu 07 Aug,Wed 06 Aug,Tue 05 Aug,Mon 04 Aug,Sun 03 Aug,Sat 02 Aug",/cas/4570348823.html,Summer lovin in sitka?  :) - m4w
"Wed 23 Jul,Tue 22 Jul,Mon 21 Jul,Sun 20 Jul,Sat 19 Jul,Fri 18 Jul,Thu 17 Jul,Wed 16 Jul,Tue 15 Jul,Mon 14 Jul,Sun 13 Jul,Sat 12 Jul",/cas/4529392476.html,Top Cock - m4m
"Wed 23 Jul,Tue 22 Jul,Mon 21 Jul,Sun 20 Jul,Sat 19 Jul,Fri 18 Jul,Thu 17 Jul,Wed 16 Jul,Tue 15 Jul,Mon 14 Jul,Sun 13 Jul,Sat 12 Jul",/cas/4573170455.html,Cope park hookup - m4m
"Wed 23 Jul,Tue 22 Jul,Mon 21 Jul,Sun 20 Jul,Sat 19 Jul,Fri 18 Jul,Thu 17 Jul,Wed 16 Jul,Tue 15 Jul,Mon 14 Jul,Sun 13 Jul,Sat 12 Jul",/cas/4573128605.html,Possibilities... - m4mw
"Sat 12 Jul,Fri 11 Jul,Thu 10 Jul,Wed 09 Jul,Tue 08 Jul,Mon 07 Jul,Sun 06 Jul,Sat 05 Jul",/cas/4508426261.html,giving discreet bj - m4m
"Sat 12 Jul,Fri 11 Jul,Thu 10 Jul,Wed 09 Jul,Tue 08 Jul,Mon 07 Jul,Sun 06 Jul,Sat 05 Jul",/cas/4554707564.html,jus wana fuk asap - w4m
"Sat 12 Jul,Fri 11 Jul,Thu 10 Jul,Wed 09 Jul,Tue 08 Jul,Mon 07 Jul,Sun 06 Jul,Sat 05 Jul",/cas/4554688254.html,dinner and a movie? - m4w
"Sat 12 Jul,Fri 11 Jul,Thu 10 Jul,Wed 09 Jul,Tue 08 Jul,Mon 07 Jul,Sun 06 Jul,Sat 05 Jul",/cas/4554623301.html,Searching for a black dick to suck - m4m
"Sun 10 Aug,Sat 09 Aug,Fri 08 Aug,Thu 07 Aug,Wed 06 Aug,Tue 05 Aug,Mon 04 Aug,Sun 03 Aug,Sat 02 Aug",/cas/4592451759.html,Traveling artists looking for a night or two of fun and adventure - m4w
"Sun 10 Aug,Sat 09 Aug,Fri 08 Aug,Thu 07 Aug,Wed 06 Aug,Tue 05 Aug,Mon 04 Aug,Sun 03 Aug,Sat 02 Aug",/cas/4601935715.html,looking for nsa friend - w4m
"Sun 10 Aug,Sat 09 Aug,Fri 08 Aug,Thu 07 Aug,Wed 06 Aug,Tue 05 Aug,Mon 04 Aug,Sun 03 Aug,Sat 02 Aug",/cas/4601914437.html,looking for a host to fuck me - m4mm
"Sun 10 Aug,Sat 09 Aug,Fri 08 Aug,Thu 07 Aug,Wed 06 Aug,Tue 05 Aug,Mon 04 Aug,Sun 03 Aug,Sat 02 Aug",/cas/4573030466.html,summer fun - m4m
"Wed 23 Jul,Tue 22 Jul,Mon 21 Jul,Sun 20 Jul,Sat 19 Jul,Fri 18 Jul,Thu 17 Jul,Wed 16 Jul,Tue 15 Jul,Mon 14 Jul,Sun 13 Jul,Sat 12 Jul",/cas/4573069157.html,phone sex for man or women  - m4m
"Wed 23 Jul,Tue 22 Jul,Mon 21 Jul,Sun 20 Jul,Sat 19 Jul,Fri 18 Jul,Thu 17 Jul,Wed 16 Jul,Tue 15 Jul,Mon 14 Jul,Sun 13 Jul,Sat 12 Jul",/cas/4572950853.html,"Visiting soon, looking for drinking partner  - m4w"
"Wed 23 Jul,Tue 22 Jul,Mon 21 Jul,Sun 20 Jul,Sat 19 Jul,Fri 18 Jul,Thu 17 Jul,Wed 16 Jul,Tue 15 Jul,Mon 14 Jul,Sun 13 Jul,Sat 12 Jul",/cas/4572942101.html,Dom looking for a sweet sub - m4w
"Wed 23 Jul,Tue 22 Jul,Mon 21 Jul,Sun 20 Jul,Sat 19 Jul,Fri 18 Jul,Thu 17 Jul,Wed 16 Jul,Tue 15 Jul,Mon 14 Jul,Sun 13 Jul,Sat 12 Jul",/cas/4572549978.html,looking for jack off buddy - m4m
"Sat 12 Jul,Fri 11 Jul,Thu 10 Jul,Wed 09 Jul,Tue 08 Jul,Mon 07 Jul,Sun 06 Jul,Sat 05 Jul",/cas/4554540747.html,"You responded, I see you around - m4w"
"Sat 12 Jul,Fri 11 Jul,Thu 10 Jul,Wed 09 Jul,Tue 08 Jul,Mon 07 Jul,Sun 06 Jul,Sat 05 Jul",/cas/4529280487.html,Sat night fun? - m4w
"Sun 10 Aug,Sat 09 Aug,Fri 08 Aug,Thu 07 Aug,Wed 06 Aug,Tue 05 Aug,Mon 04 Aug,Sun 03 Aug,Sat 02 Aug",/cas/4601806034.html,Eat me for dinner - w4m
"Sun 10 Aug,Sat 09 Aug,Fri 08 Aug,Thu 07 Aug,Wed 06 Aug,Tue 05 Aug,Mon 04 Aug,Sun 03 Aug,Sat 02 Aug",/cas/4601772381.html,looking for a woman in k town - m4w
"Wed 23 Jul,Tue 22 Jul,Mon 21 Jul,Sun 20 Jul,Sat 19 Jul,Fri 18 Jul,Thu 17 Jul,Wed 16 Jul,Tue 15 Jul,Mon 14 Jul,Sun 13 Jul,Sat 12 Jul",/cas/4572511251.html,I want to eat your ass - m4w
"Wed 23 Jul,Tue 22 Jul,Mon 21 Jul,Sun 20 Jul,Sat 19 Jul,Fri 18 Jul,Thu 17 Jul,Wed 16 Jul,Tue 15 Jul,Mon 14 Jul,Sun 13 Jul,Sat 12 Jul",/cas/4572436015.html,Need a Girl
"Wed 23 Jul,Tue 22 Jul,Mon 21 Jul,Sun 20 Jul,Sat 19 Jul,Fri 18 Jul,Thu 17 Jul,Wed 16 Jul,Tue 15 Jul,Mon 14 Jul,Sun 13 Jul,Sat 12 Jul",/cas/4572385164.html,need a girl for two nights - m4w
"Wed 23 Jul,Tue 22 Jul,Mon 21 Jul,Sun 20 Jul,Sat 19 Jul,Fri 18 Jul,Thu 17 Jul,Wed 16 Jul,Tue 15 Jul,Mon 14 Jul,Sun 13 Jul,Sat 12 Jul",/cas/4572350388.html,Fun with guys - m4m
"Sun 10 Aug,Sat 09 Aug,Fri 08 Aug,Thu 07 Aug,Wed 06 Aug,Tue 05 Aug,Mon 04 Aug,Sun 03 Aug,Sat 02 Aug",/cas/4601656173.html,Got cock? Providing free bjs for hung cocks - m4m
"Sun 10 Aug,Sat 09 Aug,Fri 08 Aug,Thu 07 Aug,Wed 06 Aug,Tue 05 Aug,Mon 04 Aug,Sun 03 Aug,Sat 02 Aug",/cas/4601604789.html,Small tits - m4w
"Sun 10 Aug,Sat 09 Aug,Fri 08 Aug,Thu 07 Aug,Wed 06 Aug,Tue 05 Aug,Mon 04 Aug,Sun 03 Aug,Sat 02 Aug",/cas/4601405620.html,Discreet oral fun.  Or more.  Soon? - m4m
"Sun 10 Aug,Sat 09 Aug,Fri 08 Aug,Thu 07 Aug,Wed 06 Aug,Tue 05 Aug,Mon 04 Aug,Sun 03 Aug,Sat 02 Aug",/cas/4601355423.html,SWM ISO FWB - m4w
"Wed 23 Jul,Tue 22 Jul,Mon 21 Jul,Sun 20 Jul,Sat 19 Jul,Fri 18 Jul,Thu 17 Jul,Wed 16 Jul,Tue 15 Jul,Mon 14 Jul,Sun 13 Jul,Sat 12 Jul",/cas/4572296438.html, In town for a couple nights - m4w
"Wed 23 Jul,Tue 22 Jul,Mon 21 Jul,Sun 20 Jul,Sat 19 Jul,Fri 18 Jul,Thu 17 Jul,Wed 16 Jul,Tue 15 Jul,Mon 14 Jul,Sun 13 Jul,Sat 12 Jul",/cas/4572273817.html,BBC looking for some company - m4w
"Sun 10 Aug,Sat 09 Aug,Fri 08 Aug,Thu 07 Aug,Wed 06 Aug,Tue 05 Aug,Mon 04 Aug,Sun 03 Aug,Sat 02 Aug",/cas/4600811630.html,"nsa hookup, or... - m4w"
"Sun 10 Aug,Sat 09 Aug,Fri 08 Aug,Thu 07 Aug,Wed 06 Aug,Tue 05 Aug,Mon 04 Aug,Sun 03 Aug,Sat 02 Aug",/cas/4600577110.html,Coming to Juneau in 2  - m4w
"Sun 10 Aug,Sat 09 Aug,Fri 08 Aug,Thu 07 Aug,Wed 06 Aug,Tue 05 Aug,Mon 04 Aug,Sun 03 Aug,Sat 02 Aug",/cas/4556226589.html,Looking for a visitor to Sitka - m4w
"Sun 10 Aug,Sat 09 Aug,Fri 08 Aug,Thu 07 Aug,Wed 06 Aug,Tue 05 Aug,Mon 04 Aug,Sun 03 Aug,Sat 02 Aug",/cas/4600492257.html,Love Black Women - m4w
"Wed 23 Jul,Tue 22 Jul,Mon 21 Jul,Sun 20 Jul,Sat 19 Jul,Fri 18 Jul,Thu 17 Jul,Wed 16 Jul,Tue 15 Jul,Mon 14 Jul,Sun 13 Jul,Sat 12 Jul",/cas/4571422346.html,Would like to find black girl in this small town - m4w
"Wed 23 Jul,Tue 22 Jul,Mon 21 Jul,Sun 20 Jul,Sat 19 Jul,Fri 18 Jul,Thu 17 Jul,Wed 16 Jul,Tue 15 Jul,Mon 14 Jul,Sun 13 Jul,Sat 12 Jul",/cas/4571379778.html,Let's sweat!! - m4ww
"Wed 23 Jul,Tue 22 Jul,Mon 21 Jul,Sun 20 Jul,Sat 19 Jul,Fri 18 Jul,Thu 17 Jul,Wed 16 Jul,Tue 15 Jul,Mon 14 Jul,Sun 13 Jul,Sat 12 Jul",/cas/4571247403.html,looking for ladyboy or boys in panties - m4t
"Sun 10 Aug,Sat 09 Aug,Fri 08 Aug,Thu 07 Aug,Wed 06 Aug,Tue 05 Aug,Mon 04 Aug,Sun 03 Aug,Sat 02 Aug",/cas/4600423512.html,tall bottom for hung top - m4m
"Sun 10 Aug,Sat 09 Aug,Fri 08 Aug,Thu 07 Aug,Wed 06 Aug,Tue 05 Aug,Mon 04 Aug,Sun 03 Aug,Sat 02 Aug",/cas/4600306460.html,Visiting Juneau - w4w
"Sun 10 Aug,Sat 09 Aug,Fri 08 Aug,Thu 07 Aug,Wed 06 Aug,Tue 05 Aug,Mon 04 Aug,Sun 03 Aug,Sat 02 Aug",/cas/4600289116.html,Looking to lose my virginity - m4w
"Sun 10 Aug,Sat 09 Aug,Fri 08 Aug,Thu 07 Aug,Wed 06 Aug,Tue 05 Aug,Mon 04 Aug,Sun 03 Aug,Sat 02 Aug",/cas/4600204601.html,Play on a sunny day  - m4m
"Sun 10 Aug,Sat 09 Aug,Fri 08 Aug,Thu 07 Aug,Wed 06 Aug,Tue 05 Aug,Mon 04 Aug,Sun 03 Aug,Sat 02 Aug",/cas/4600118301.html,Any Tops Want to Host A Twink Bottom - m4m
"Wed 23 Jul,Tue 22 Jul,Mon 21 Jul,Sun 20 Jul,Sat 19 Jul,Fri 18 Jul,Thu 17 Jul,Wed 16 Jul,Tue 15 Jul,Mon 14 Jul,Sun 13 Jul,Sat 12 Jul",/cas/4571131079.html,Summer fun - m4m
"Wed 23 Jul,Tue 22 Jul,Mon 21 Jul,Sun 20 Jul,Sat 19 Jul,Fri 18 Jul,Thu 17 Jul,Wed 16 Jul,Tue 15 Jul,Mon 14 Jul,Sun 13 Jul,Sat 12 Jul",/cas/4570895691.html,Looking for fun - t4m
"Wed 23 Jul,Tue 22 Jul,Mon 21 Jul,Sun 20 Jul,Sat 19 Jul,Fri 18 Jul,Thu 17 Jul,Wed 16 Jul,Tue 15 Jul,Mon 14 Jul,Sun 13 Jul,Sat 12 Jul",/cas/4570616498.html,sens massage please-sitka - m4w
"Wed 23 Jul,Tue 22 Jul,Mon 21 Jul,Sun 20 Jul,Sat 19 Jul,Fri 18 Jul,Thu 17 Jul,Wed 16 Jul,Tue 15 Jul,Mon 14 Jul,Sun 13 Jul,Sat 12 Jul",/cas/4569721436.html,Juneau  - w4m
"Wed 23 Jul,Tue 22 Jul,Mon 21 Jul,Sun 20 Jul,Sat 19 Jul,Fri 18 Jul,Thu 17 Jul,Wed 16 Jul,Tue 15 Jul,Mon 14 Jul,Sun 13 Jul,Sat 12 Jul",/cas/4559894951.html,looking for straight or bi-curious - m4m
"Wed 23 Jul,Tue 22 Jul,Mon 21 Jul,Sun 20 Jul,Sat 19 Jul,Fri 18 Jul,Thu 17 Jul,Wed 16 Jul,Tue 15 Jul,Mon 14 Jul,Sun 13 Jul,Sat 12 Jul",/cas/4569577956.html,oral relief - m4w
"Wed 23 Jul,Tue 22 Jul,Mon 21 Jul,Sun 20 Jul,Sat 19 Jul,Fri 18 Jul,Thu 17 Jul,Wed 16 Jul,Tue 15 Jul,Mon 14 Jul,Sun 13 Jul,Sat 12 Jul",/cas/4569573706.html,I want to suck dick - m4m
"Wed 23 Jul,Tue 22 Jul,Mon 21 Jul,Sun 20 Jul,Sat 19 Jul,Fri 18 Jul,Thu 17 Jul,Wed 16 Jul,Tue 15 Jul,Mon 14 Jul,Sun 13 Jul,Sat 12 Jul",/cas/4569575536.html,looking - w4m
"Wed 23 Jul,Tue 22 Jul,Mon 21 Jul,Sun 20 Jul,Sat 19 Jul,Fri 18 Jul,Thu 17 Jul,Wed 16 Jul,Tue 15 Jul,Mon 14 Jul,Sun 13 Jul,Sat 12 Jul",/cas/4569498669.html,Kinky stuff - m4mw
"Wed 23 Jul,Tue 22 Jul,Mon 21 Jul,Sun 20 Jul,Sat 19 Jul,Fri 18 Jul,Thu 17 Jul,Wed 16 Jul,Tue 15 Jul,Mon 14 Jul,Sun 13 Jul,Sat 12 Jul",/cas/4569496849.html,"Sucking dick, any takers? - m4m"
"Wed 23 Jul,Tue 22 Jul,Mon 21 Jul,Sun 20 Jul,Sat 19 Jul,Fri 18 Jul,Thu 17 Jul,Wed 16 Jul,Tue 15 Jul,Mon 14 Jul,Sun 13 Jul,Sat 12 Jul",/cas/4569437281.html,Blowjob?  - m4m
"Wed 23 Jul,Tue 22 Jul,Mon 21 Jul,Sun 20 Jul,Sat 19 Jul,Fri 18 Jul,Thu 17 Jul,Wed 16 Jul,Tue 15 Jul,Mon 14 Jul,Sun 13 Jul,Sat 12 Jul",/cas/4568834526.html,for the BBW looking for NSA with younger M - m4w
"Wed 23 Jul,Tue 22 Jul,Mon 21 Jul,Sun 20 Jul,Sat 19 Jul,Fri 18 Jul,Thu 17 Jul,Wed 16 Jul,Tue 15 Jul,Mon 14 Jul,Sun 13 Jul,Sat 12 Jul",/cas/4568619944.html,Casual hangout - w4m
"Wed 23 Jul,Tue 22 Jul,Mon 21 Jul,Sun 20 Jul,Sat 19 Jul,Fri 18 Jul,Thu 17 Jul,Wed 16 Jul,Tue 15 Jul,Mon 14 Jul,Sun 13 Jul,Sat 12 Jul",/cas/4568585435.html,Submissive bottom - m4m
"Wed 23 Jul,Tue 22 Jul,Mon 21 Jul,Sun 20 Jul,Sat 19 Jul,Fri 18 Jul,Thu 17 Jul,Wed 16 Jul,Tue 15 Jul,Mon 14 Jul,Sun 13 Jul,Sat 12 Jul",/cas/4568342237.html,I swallow - m4mm
"Wed 23 Jul,Tue 22 Jul,Mon 21 Jul,Sun 20 Jul,Sat 19 Jul,Fri 18 Jul,Thu 17 Jul,Wed 16 Jul,Tue 15 Jul,Mon 14 Jul,Sun 13 Jul,Sat 12 Jul",/cas/4567890284.html,horny and needing - m4mw
"Wed 23 Jul,Tue 22 Jul,Mon 21 Jul,Sun 20 Jul,Sat 19 Jul,Fri 18 Jul,Thu 17 Jul,Wed 16 Jul,Tue 15 Jul,Mon 14 Jul,Sun 13 Jul,Sat 12 Jul",/cas/4540301473.html,Where r my big beautiful ladies cheers - m4w
"Wed 23 Jul,Tue 22 Jul,Mon 21 Jul,Sun 20 Jul,Sat 19 Jul,Fri 18 Jul,Thu 17 Jul,Wed 16 Jul,Tue 15 Jul,Mon 14 Jul,Sun 13 Jul,Sat 12 Jul",/cas/4567629247.html,Hj bj cum - m4w
"Wed 23 Jul,Tue 22 Jul,Mon 21 Jul,Sun 20 Jul,Sat 19 Jul,Fri 18 Jul,Thu 17 Jul,Wed 16 Jul,Tue 15 Jul,Mon 14 Jul,Sun 13 Jul,Sat 12 Jul",/cas/4521029137.html,suck you to completion 19-28 - m4m
"Wed 23 Jul,Tue 22 Jul,Mon 21 Jul,Sun 20 Jul,Sat 19 Jul,Fri 18 Jul,Thu 17 Jul,Wed 16 Jul,Tue 15 Jul,Mon 14 Jul,Sun 13 Jul,Sat 12 Jul",/cas/4566767124.html,Suck you off? - m4m
"Wed 23 Jul,Tue 22 Jul,Mon 21 Jul,Sun 20 Jul,Sat 19 Jul,Fri 18 Jul,Thu 17 Jul,Wed 16 Jul,Tue 15 Jul,Mon 14 Jul,Sun 13 Jul,Sat 12 Jul",/cas/4566553929.html,play in the sheets - m4w
"Wed 23 Jul,Tue 22 Jul,Mon 21 Jul,Sun 20 Jul,Sat 19 Jul,Fri 18 Jul,Thu 17 Jul,Wed 16 Jul,Tue 15 Jul,Mon 14 Jul,Sun 13 Jul,Sat 12 Jul",/cas/4566530389.html,late night? - m4w
"Wed 23 Jul,Tue 22 Jul,Mon 21 Jul,Sun 20 Jul,Sat 19 Jul,Fri 18 Jul,Thu 17 Jul,Wed 16 Jul,Tue 15 Jul,Mon 14 Jul,Sun 13 Jul,Sat 12 Jul",/cas/4566499700.html,Make you feel wanted - m4w
"Wed 23 Jul,Tue 22 Jul,Mon 21 Jul,Sun 20 Jul,Sat 19 Jul,Fri 18 Jul,Thu 17 Jul,Wed 16 Jul,Tue 15 Jul,Mon 14 Jul,Sun 13 Jul,Sat 12 Jul",/cas/4566422329.html,"New visitor to Juneau, want to get you off! - m4m"
"Wed 23 Jul,Tue 22 Jul,Mon 21 Jul,Sun 20 Jul,Sat 19 Jul,Fri 18 Jul,Thu 17 Jul,Wed 16 Jul,Tue 15 Jul,Mon 14 Jul,Sun 13 Jul,Sat 12 Jul",/cas/4566309664.html,anyone Real?! - m4w
"Wed 23 Jul,Tue 22 Jul,Mon 21 Jul,Sun 20 Jul,Sat 19 Jul,Fri 18 Jul,Thu 17 Jul,Wed 16 Jul,Tue 15 Jul,Mon 14 Jul,Sun 13 Jul,Sat 12 Jul",/cas/4566276302.html,Man action - m4m
"Wed 23 Jul,Tue 22 Jul,Mon 21 Jul,Sun 20 Jul,Sat 19 Jul,Fri 18 Jul,Thu 17 Jul,Wed 16 Jul,Tue 15 Jul,Mon 14 Jul,Sun 13 Jul,Sat 12 Jul",/cas/4566076994.html,Any chubby milfs want young dick - m4w
"Wed 23 Jul,Tue 22 Jul,Mon 21 Jul,Sun 20 Jul,Sat 19 Jul,Fri 18 Jul,Thu 17 Jul,Wed 16 Jul,Tue 15 Jul,Mon 14 Jul,Sun 13 Jul,Sat 12 Jul",/cas/4518177907.html,Looking for a sitka wife to have fun with - m4w
